,ionic,Kd,sampled_unbinding,kappa,Rg,Delta,S,nu,seq,origin
0,0.24,179.09257236154875,False,0.2558199757512331,3.869399846818837,0.2654232995134538,1.2169228048205256,0.644961589696099,KKVKKKKKPKPPKPARKPPKKVKSAAVGSASAGKTASKTTKEKKAKAPAARASTDESFTLAAVVKKKPKGKRKKKPPKTKKPASSKPKAAAKAKKAKAKAVAPKVKKKK,prota_variant_comb/results/two_chain/ionic_240/H1-0_VAR_Rg3.87_k0.26_PROTA_WT_25nm
1,0.24,3215.0298523332217,False,0.4840183070127905,3.5896473514167164,0.2204271558586552,1.149579484797002,0.6269932908988931,KKKKKASLASKKRKKKKKKVKAAKKKKKRKKVSPPTPVAVAPPKGATPPTEDEVTAAPSGATAPTAVSVPAKKPKKKAAKAARFPSPGAKKKAAAKKKSSKKKKKKAKK,prota_variant_comb/results/two_chain/ionic_240/H1-0_VAR_Rg3.60_k0.48_PROTA_WT_25nm
2,0.24,43431.525553009415,False,0.5437108406465243,3.6181783374885343,0.2347993177511575,1.1762371302104833,0.6309466273237847,AAKVKAKAKKKKRKKRKKKKKKKKKTAKKKKKKVATAVPDEVVAVSEPAVPLPSGGFASTPGTSAAAPPAKSPAAKKATKAKRKKKKKPSAKAPKPPPKSKKKTAKKSA,prota_variant_comb/results/two_chain/ionic_240/H1-0_VAR_Rg3.63_k0.54_PROTA_WT_25nm
3,0.24,1502.7289701836623,False,0.3726575336784909,3.915828813874964,0.2796501963745088,1.3087661855861523,0.6471514026264336,KKKKKKKKKKKKKKAAKRVALKTTAAKPKSVASEAFKRKSSAGAKPVTGAPRKKKPPKKTVVPAPPASATPKKKADAPSEPAKKSAKKAKKVKPAKKKTKAAPSAVKGK,prota_variant_comb/results/two_chain/ionic_240/H1-0_VAR_Rg3.96_k0.37_PROTA_WT_25nm
4,0.24,35997.41833382621,False,0.4054681313007746,3.746531003120204,0.2489672618319498,1.3913950159757011,0.6428705873704466,VAAKAKKAAAKVKKKKKKPPGKRKKAAKKRKKKVKKKPSKAPSTSLSAAPATVPPPPAATVFSPEEVTDTGAKPAKVKKKASKKSRAKKAKGKKKKKKATPKSKPKAKA,prota_variant_comb/results/two_chain/ionic_240/H1-0_VAR_Rg3.68_k0.41_PROTA_WT_25nm
5,0.24,25.8741914816599,True,0.1726299094038263,4.193066821329064,0.2749232994060163,1.434377582408336,0.6627527237368064,KVERKVKKKAKDKGVPPLKKPKAKKVTAKSRRGKKAAAKKKVVKKAAAKKAPAKAAKAKSSKKSAKASAPGKPSTKTEKTATPSKKAAKKASAKPPPFKKKPKKVPPTK,prota_variant_comb/results/two_chain/ionic_240/H1-0_VAR_Rg4.20_k0.17_PROTA_WT_25nm
6,0.24,332.37388855693484,False,0.2326547778438097,4.276009721401059,0.27412261600001,1.5292863423300165,0.6715252317860078,PVPFRTVPETSAKKKATEKKPPTAKKKLAKKTAGKKKAKKKVKKAKAAPKKKSAASVTKAKPKKVASAKPKKPKKPAKKRAAKAGPASAKKASKKKSKPAVDKGSVKPR,prota_variant_comb/results/two_chain/ionic_240/H1-0_VAR_Rg4.26_k0.23_PROTA_WT_25nm
7,0.24,30.673481184032497,True,0.1899507478806522,4.070172957401869,0.2326415178483649,1.295756774057059,0.6605462998010216,KSAKPKASAKKATKKKSKPAVRKKEPAPKPTRVKVFGKPVASAEPVKKAKAAKPKAKKAVSSKKALKKRTKKKPKGTAKPASKKDAATAPKKSKAGKPKKVKKKATKPA,prota_variant_comb/results/two_chain/ionic_240/H1-0_VAR_Rg4.09_k0.19_PROTA_WT_25nm
8,0.24,1992.520729686048,False,0.3049514675891889,4.041448840817492,0.2649258713374455,1.30719731239252,0.6560264652681881,KGKVKKPSKKKASKPASKTTKRVVKDAAKVTATRGFAKEKSPPVPVKPEKAAGKKAKPLKSSKKAAKKKKASPRKKSAAAAAKPPAAAKTPKAPPKKKKKKKKKKTKAV,prota_variant_comb/results/two_chain/ionic_240/H1-0_VAR_Rg4.05_k0.30_PROTA_WT_25nm
9,0.24,246655.412753292,False,0.6192097829450705,3.421326892089944,0.2216061946311507,1.1296788946491834,0.6153039033383657,KKVKKKKKKKTKKKKRKRVKKKKKSKGKKKKKAAPAPASTAPPGPAPTPSEDEVAATPAGAVTLPAAPVSAAASFPAAPASAKAKKRPKKKKKVKKSKSVTKKAKKKKA,prota_variant_comb/results/two_chain/ionic_240/H1-0_VAR_Rg3.43_k0.62_PROTA_WT_25nm
10,0.24,2693094.0923488857,False,0.5786168355613107,3.4362918818948223,0.2342370348683231,1.181999704951666,0.6167708936622269,KKKKKAKRKKKKKKAKKKKKKAKKAKKKGPKVAAPAAGSSPATPPASAFTEDEAVSTVSAAPPPATATVPVPAKKSAKGAPAKVRKPVLAASKKKKSTRKKKKKKKKKP,prota_variant_comb/results/two_chain/ionic_240/H1-0_VAR_Rg3.46_k0.58_PROTA_WT_25nm
11,0.24,28326.240863902152,False,0.3748270546526522,3.8521984324738106,0.2369118392027767,1.294599776023023,0.6442860293348294,KKAKKKKAKKKKKKKKGSKSARKSKAAVPAEAVKPVAASPPPPDKEGPTASAAATASPAKKTAVATRLKKSPKKKKPSKKTPAKVKKKKKPKPRAKAVKVFGKAKTKAK,prota_variant_comb/results/two_chain/ionic_240/H1-0_VAR_Rg3.88_k0.37_PROTA_WT_25nm
12,0.24,139.56132422327,True,0.2232587145796646,3.91705699961572,0.2303732790752002,1.267707077021882,0.650072439293078,KKAKKKKKGAAKAPKPAPKRGKVKAAFPKSKSKAKSKKVVSVKVAPPTSTAEDKTKKAKTKKSVKKPRAKAAVTPAEAPAKLAKPPKKPARKTSAKASKKKPKKKAGKK,prota_variant_comb/results/two_chain/ionic_240/H1-0_VAR_Rg3.94_k0.22_PROTA_WT_25nm
13,0.24,618.8095424132551,True,0.3352456402076068,4.031956227756439,0.2504182619976536,1.4101028656847931,0.6552997302130775,KGKKKKPSKKKKAKPASKKTSKVVKDPKAVKATRSFAKEKSPPVPVKPEKAAGATAKSLKAKRKAAKKKKAGARKKSAKSAATPPAAAATPKTKVKKKKKKKPKVAKPP,prota_variant_comb/results/two_chain/ionic_240/H1-0_VAR_Rg3.99_k0.34_PROTA_WT_25nm
14,0.24,46085.84646463343,False,0.4711934578903775,3.69916012335063,0.2465238472838278,1.1908987958313009,0.6346861115172352,KKKAKKTAKPKKVKKPAKKKKKKKKKKKKAKKSVATAVPDEAVAVVEPAAPLAAGGFAATPGSSPKPSASKTPSAKKPTKAKRKKKKKRSAKPPAKPTKKRKKAAKSVA,prota_variant_comb/results/two_chain/ionic_240/H1-0_VAR_Rg3.65_k0.47_PROTA_WT_25nm
15,0.24,6634.623192734585,False,0.333045813515479,3.910570222104038,0.2419715629228527,1.186592121835045,0.6475592622933863,KKKKKKAKKKKKTKAKKKKPLAATPAKPKSVAKEVAKGASRSAKFSVTGAPRKVKKPRKSVKKAPPKSAAPAPKADAPSEPAKASAKKTKKVAPAKKKTKKAKKTKPGV,prota_variant_comb/results/two_chain/ionic_240/H1-0_VAR_Rg3.92_k0.33_PROTA_WT_25nm
16,0.24,173.02912491401727,True,0.2737503398024687,3.814292096969865,0.2424854187899599,1.2617403503739766,0.6440172572673893,KAKGKKKGKTAKKVKKAAAAKKLPSKAPRPAAAPVAKKPKKKRSSKVPAAADEEPVTFKPSAAAKVPTSKKVKKRKAKKKPKAPPATSVKKTKKKSKTKKSAPGAKKKK,prota_variant_comb/results/two_chain/ionic_240/H1-0_VAR_Rg3.81_k0.27_PROTA_WT_25nm
17,0.24,113.7586968066333,True,0.2882613795873807,3.887188631359778,0.2591120069065386,1.3007461949275552,0.6456212852899533,SKKKAAKAKAKAKPKLKKKKPKKSGVEEPDAAGFTVGTPPKKKPKVAAKTTASVKRPPRKKAKSKAAAAVASKPPPKTATAKAKKKKPKASPSARSKVKKKKVKKAKKK,prota_variant_comb/results/two_chain/ionic_240/H1-0_VAR_Rg3.89_k0.29_PROTA_WT_25nm
18,0.24,100.84995026450932,False,0.4529575156691175,3.796942052363025,0.2640651299846612,1.3404223734956544,0.6381459698821541,KKRKKAKSKKAKKKKFAKKKAASGPTEEDASAAGSGAPSPVAAPPAKTPAAVSARKKKKKKKKPASTKAVKVAKTPPPRVSKKAKKTKVPAVPKKKKKKKKKKTPLKAA,prota_variant_comb/results/two_chain/ionic_240/H1-0_VAR_Rg3.82_k0.45_PROTA_WT_25nm
19,0.24,633.8964553512023,True,0.2506232377358269,3.8710438405143,0.2683667656537626,1.3679144288809952,0.6435336815107005,KKKKKAKAKAKKSVFKKKKRTKKVSVEEPDAAGKTSPKKGVKKPKPAAKTTAPVRKPPRKKSPGAAAAAAKASAPASTVKKAAKKKTPLAKPKKKSPVKSKKAKKPAKK,prota_variant_comb/results/two_chain/ionic_240/H1-0_VAR_Rg3.92_k0.25_PROTA_WT_25nm
20,0.24,1810.5907633695024,False,0.3267236935862954,3.811015274050799,0.2447286877784391,1.244709023304136,0.6415843796051638,PKPPTKPAKSGVKKVKKKKPKKKAPKGSAAVKKKAKKKSAAASDPAVEEAGASSVPTAATPKKSKARKKKPKTKSAAFARATTRVPVKLKKAAPKKKKPKKAKKKKKAK,prota_variant_comb/results/two_chain/ionic_240/H1-0_VAR_Rg3.79_k0.33_PROTA_WT_25nm
21,0.24,45.341712222475664,True,0.2116057268177728,4.182652873619235,0.2730670216496471,1.432149280482074,0.6665574223560101,PEKRKSTSAPSSKGATPLPVTPAKKAKVKSTAKKAFSKVKRKKAKKPAKKAVKPAAKAKKSPKVKKAKADGKKPKVTTRGAVPAKKEKAKKKAKAPPAKKKSAKKPKKA,prota_variant_comb/results/two_chain/ionic_240/H1-0_VAR_Rg4.19_k0.21_PROTA_WT_25nm
22,0.24,7734.691989725376,False,0.3758566415587871,3.808795807061293,0.2599528047503578,1.4360698094699342,0.6403045362824009,KKPVKAAKKKKKKKKKAKKKKKKRPSASAVEPEPSTVVPAAPDPTSAVLFKKAKTKKASAATPKKGATAGSKAKVAPPVPKGKAKPKSKRKAKAKKKTSARAAKKPKKK,prota_variant_comb/results/two_chain/ionic_240/H1-0_VAR_Rg3.76_k0.38_PROTA_WT_25nm
23,0.24,5378.8899084589175,False,0.2633543335901857,4.209072039339348,0.2564436788468685,1.4591538565422089,0.671931669584534,PAAETKTKKKTVAPKPAAKKKAKPVKKKSVTVAKAKPKRKPKAAGTKSKKKAKKKAKKKKGATKPKRKPKSPAKKAKKAADKKALPRKFPVPVAVAKSSSAEAPSGKSK,prota_variant_comb/results/two_chain/ionic_240/H1-0_VAR_Rg4.24_k0.26_PROTA_WT_25nm
24,0.24,142169.12734317128,False,0.4207916678964434,3.6521037952120414,0.2317182691538243,1.2079432608097098,0.6354971752359679,KKKKKAKLASKAAKKKTRKKKRAKKKKKKKKVKPVTAVPAAPSKAPTPPTEDEVTAAASGVTAPAPVVAPKKKAPKKPAKKKKFKKGSAKRKKPPAKKSKSSAKAGASK,prota_variant_comb/results/two_chain/ionic_240/H1-0_VAR_Rg3.62_k0.42_PROTA_WT_25nm
25,0.24,174.11008914853252,True,0.2452778822442065,4.017494276227287,0.2517450423772919,1.2099909108705185,0.6558575482772413,VKKVEKAASKKKKKKKKKKDARKKEKTPPAKVAAAFPASTKAAPVSAKKPKAAAKTKKPKSRSATSRPKTLAKPKPSAKVKKKAGAKTAGKASKVVKPKGKAKPKKKPP,prota_variant_comb/results/two_chain/ionic_240/H1-0_VAR_Rg4.07_k0.25_PROTA_WT_25nm
26,0.24,210.62379193805648,True,0.2523711896159454,3.96425850678974,0.2541505512986396,1.3488939985532062,0.6515884233722313,KKPKGAKKTPAKKKPKKKKDKKVVLKVAKKPKKKKPTAAPAPPGKSKTSTTVEAAAAPSKEKSAKKRKVKPAAAFPSASKSKAKVATKKAKKPAKKKVRAKGAAKPRKS,prota_variant_comb/results/two_chain/ionic_240/H1-0_VAR_Rg3.97_k0.25_PROTA_WT_25nm
27,0.24,2122.0536447539257,False,0.4233994407233951,3.6960482469706624,0.229662379566366,1.2580856188553935,0.6358311594993759,KAKKKKKKSKKRKKPKKSAAGKAKAPTKKRKKKLVKKKSKAPAGVAPAAPATVPSPAAAKVDFPEEVTATGPARPSVKTKKAKKKKSPSTAVKKKKPKSKKKPAAKAKA,prota_variant_comb/results/two_chain/ionic_240/H1-0_VAR_Rg3.74_k0.42_PROTA_WT_25nm
28,0.24,457.8905817748215,True,0.2155886336575027,3.982978866116458,0.2448139950011915,1.3384767124597348,0.6510313184068303,KKKSKAKKGSKVKASKKAKKKAAPTVLPVKKKDKPPATPESPAKAAKGVAKAKFPAKAPAAKAKAVPPKSTGSRPATRKKATEKTKSKAKRPVKSKKKKKAKKVKPAKK,prota_variant_comb/results/two_chain/ionic_240/H1-0_VAR_Rg3.99_k0.22_PROTA_WT_25nm
29,0.24,2715.458088541053,False,0.4912909125235055,3.666280327380025,0.2453507498224592,1.2773912103478018,0.6317920697137593,KKKKKKKKSKPPKKTKKKPAKAKKKPKKKKKPDPTPSSTAPTVPAAAAASAPVFEASEASVSKAVVPKSTKGGRAARTKKAALAPPAAVKRKKKKKKKKKAKKKAAKGV,prota_variant_comb/results/two_chain/ionic_240/H1-0_VAR_Rg3.72_k0.49_PROTA_WT_25nm
30,0.24,61.05375671848034,True,0.1824298090633026,4.131871417723375,0.2663755404147065,1.3413873883454612,0.665909806061789,KEAVAKASAKKSKKTKSKPAARVKEDVPAPTRVKPFKKPKASKSPVKKAKAAKPAAKKKKSSKKKLKKRTKGKPKGTAKPASKAPKKTAPKKAKAGKPKKVKAKATVPA,prota_variant_comb/results/two_chain/ionic_240/H1-0_VAR_Rg4.15_k0.18_PROTA_WT_25nm
31,0.24,611890.3659280287,False,0.3943128198613118,3.774858254789936,0.2503119069728842,1.3190255481886155,0.6408114377933413,KKAKKKKAKKKKKKKKGKKSARASKPAVPAEAVKPVVASPPPADSEGVTPSKPATASPAKKTAKKTVAAKSAAKAKPSKKTKKKRKKKKKPKPRAKALKVFGKAKTPAK,prota_variant_comb/results/two_chain/ionic_240/H1-0_VAR_Rg3.83_k0.39_PROTA_WT_25nm
32,0.24,6275.453168677533,False,0.3366031147354351,3.9090346851346736,0.2479181829293139,1.2849482706188131,0.6467809928780074,PKKSKAAKKVKKKKAKKKVPLRPKAGVSAGTADARTASAETPVPVPKKPTKAKAEAVAPPAAAPSAKFVKSAPKKRKKKATAKKKKGSKPKKSKKAKKKKSKPKTAKKK,prota_variant_comb/results/two_chain/ionic_240/H1-0_VAR_Rg3.89_k0.34_PROTA_WT_25nm
33,0.24,72276.51253386142,False,0.2664132231988578,4.214219559260203,0.2573458984419428,1.3926865903300587,0.6682201044729685,PRAVKVPPSAKSEKKPSKAKRAKKKPKTDKAKKAPFAATVAARPSSKKAALTKKKAKKKKKPKKSAAAKKKKAKGPKKPPASKGPKKEKSKVAAPGTATKTKKKAVVVK,prota_variant_comb/results/two_chain/ionic_240/H1-0_VAR_Rg4.18_k0.27_PROTA_WT_25nm
34,0.24,43.52535315753566,True,0.2189766483264902,4.21932421259533,0.2662879297874043,1.3440041648390182,0.667688525403684,GPTFEPPKKSPPKERAKKKAAAKAGSAPVKKAKKGKSSAKPKPKAKKAPKPAVKAKAASKAAKKKKATTSPKKKAKAKKKSKSVVPARKKLKKKTRVTTKDKAVKKVPA,prota_variant_comb/results/two_chain/ionic_240/H1-0_VAR_Rg4.23_k0.22_PROTA_WT_25nm
35,0.24,3423.9458517866506,False,0.2971152237806764,3.856202572642424,0.2259788477849619,1.3266567957799218,0.6462067322008292,KKAKKKKKKKAPKKAKPAKKSKKKAKKPKKAASKVASKPAKPLGSKVPAASDETPSVFVKTAVPPKPTRGKRKKKTKATKPAAKSAEPVKRATSKAAKKKKAPGKAAVK,prota_variant_comb/results/two_chain/ionic_240/H1-0_VAR_Rg3.85_k0.30_PROTA_WT_25nm
36,0.24,86701.51393750575,False,0.5403016699314778,3.7301173875985607,0.2685697278185132,1.3583941733650997,0.6343141586045482,KKKKKKKKSKPPKKTKKKKPGKKKPRKKKKKKKAKASASATPVGAAAATTRPVFEAVEATVAAPPAAASSRAKDKAATPPAPLGVKVAVPSSPKKKSKKKKKKKAKAKK,prota_variant_comb/results/two_chain/ionic_240/H1-0_VAR_Rg3.72_k0.54_PROTA_WT_25nm
37,0.24,366.35869987667,False,0.3204966386279625,3.9413626652854754,0.2675134592154586,1.4851320225956337,0.6507755325469294,PKAKKAKSKVRKLPFAAKVKTAAVSAEEDGVAGAPSPAKASKATSPAATKAKPVTKTKRKKSPKAKPAKAKAKSAKKPVTKKKKKKRKKKKPVKKGPKKAKKKKAPSPK,prota_variant_comb/results/two_chain/ionic_240/H1-0_VAR_Rg3.95_k0.32_PROTA_WT_25nm
38,0.24,482.53080317142576,True,0.4490018336345311,3.5839937504012185,0.2453354541877896,1.3612002331937572,0.6282182126686636,KKKKKKKKKKKKVAKRKRKKKAKKSKLKAKKKSAPSPAATKPPGVVPSPTEDEVTAGPAGPATASAVPVAAKAPKPAATKASKKKTFRKSAKKAAKKKSPVKKAKKPKA,prota_variant_comb/results/two_chain/ionic_240/H1-0_VAR_Rg3.57_k0.45_PROTA_WT_25nm
39,0.24,783.1815649068175,False,0.1790011660086344,4.242750263327876,0.2565135290174787,1.3414969774596848,0.6693009950444309,VPAEASAKSPRKAKAAATKKSAKAGTTLPPPAKKAKAATRKKAVRVSGKPSKPKKKPKKAPATKKSKKAKKAAVKVKAPAKKKKVPKKVKGAKPKFPKTKKSEKKDKSK,prota_variant_comb/results/two_chain/ionic_240/H1-0_VAR_Rg4.24_k0.18_PROTA_WT_25nm
40,0.24,1593.7011744302297,False,0.5034957700224681,3.496035139475571,0.2024802537552349,1.0651821540710351,0.621167780780881,KSKKGKKPKKKAKVKAKAKKKKKKKKKKKKRRSAKSTSAAAAVVASSATEPDEGAVAAPTPAFAPPPAAVPPTSAAKPTVKAKKGKTKKKPKKLPRKPKKKKAVSAKKK,prota_variant_comb/results/two_chain/ionic_240/H1-0_VAR_Rg3.51_k0.50_PROTA_WT_25nm
41,0.24,24839726.442599643,False,0.3285366831836917,4.253765198179362,0.2793816550076511,1.4781094396531225,0.6725086271795316,PPAEAKSKSTVAAPVAATKKKAAPGATLPVAAVKSKSKTRKKAARVKGKASKPKKKKKKKPATKVKKKKKKPAAKAKAPAAKKKSPFKRKGPKKKKPSTKAPEKKDKSV,prota_variant_comb/results/two_chain/ionic_240/H1-0_VAR_Rg4.27_k0.33_PROTA_WT_25nm
42,0.24,136541.11371487402,False,0.4198943620813468,3.84887963597956,0.2449822026497939,1.2832177219741523,0.6420724372261782,KKVKSKPKKKKAKKAKKKKKAAKKTKVKKDKAKAAPKKLRPPKAAPGTEAAAGKSAAPAFPPVPAPAAPTASESKKAVVVSSSTTPSKKKRKKRKAKKKKGKVKKATPK,prota_variant_comb/results/two_chain/ionic_240/H1-0_VAR_Rg3.87_k0.42_PROTA_WT_25nm
43,0.24,2577.5944711369225,True,0.2638579132317071,4.040760608522759,0.2680995679220033,1.3393379652972777,0.6562988862981443,EAAKKKTSKKAPPPKKPKAKAVKVPKKARTFKSSGAKKPKAKSDPAVEAAKTASVAPASPKSVKTKKPAKAKKGRKKKAKPKTATPKKGKSALVKKKKRKKKVPKAKAA,prota_variant_comb/results/two_chain/ionic_240/H1-0_VAR_Rg4.02_k0.26_PROTA_WT_25nm
44,0.24,28.8119830129501,False,0.2817604610429568,4.0043609171732255,0.2710277702689725,1.4335678953694426,0.6542028960347455,KKKAKKKKKAKKKKAKKRVALKTTPAGPKSVATEAFPRKSSAVKKRVTGVVAKKKKPAASVPPAKPPKTTPKKSPKAPSEKAKKSAKKAKKGKPAAKKAKSAPAAKKDK,prota_variant_comb/results/two_chain/ionic_240/H1-0_VAR_Rg3.98_k0.28_PROTA_WT_25nm
45,0.24,13203.179152103248,False,0.3624933325297959,3.694182661814135,0.2423059568360618,1.1211656564236243,0.635551767928079,VKAAAKKKAAAVKKKKKKPPGKRKKAAPKTAKKVPKPKSKAPATTLSVAKAPASPTPAATSFSPEEAVDTGAKPPASKKKKVKKSRKKKKKGAKKKKKAKPKSAKRKVK,prota_variant_comb/results/two_chain/ionic_240/H1-0_VAR_Rg3.72_k0.36_PROTA_WT_25nm
46,0.24,13.760714039873983,True,0.2075577437106209,4.122358555929319,0.2576307819061828,1.335747590003322,0.6631124433941549,KGKVAKPSAEKAKAAKSKKAKRVKKDVAAPTRVKPFKKPKAEKSPVKKKKASKPASKAKKSSKKALKKRTASAPKGTAAPAKKAPAKTKPGKAKATKPKKTKKKKPVPV,prota_variant_comb/results/two_chain/ionic_240/H1-0_VAR_Rg4.15_k0.21_PROTA_WT_25nm
47,0.24,30.99665019441281,True,0.2011728452916868,4.029437205536328,0.2543105068991706,1.3467535744295225,0.6575847901467884,FAGKKAAKAKKLPPKKPTPKARKVPSAARTKKSVKKSKPKAKADPAVEVAKAASSAPKKPKKVKTAKPAKEKRKTKSKAAPSTAKPTKVKSKAKKGKKKKKGVPKAKKA,prota_variant_comb/results/two_chain/ionic_240/H1-0_VAR_Rg4.03_k0.20_PROTA_WT_25nm
48,0.24,75.78475048510185,False,0.3400539684504622,3.817468131390103,0.2636859030677121,1.2560997328820078,0.6420242302759189,KKPPTKPAKVGKKKAKKKKPKKKASPGSAAVKKKAKKKSAAASDPAVEEAGKPSVPTAATPAKSKARKKKPKTKSAAFSRATTRVPVKLKKAAPKKKKPKKAKKKKKAV,prota_variant_comb/results/two_chain/ionic_240/H1-0_VAR_Rg3.83_k0.34_PROTA_WT_25nm
49,0.24,771.6532479343354,False,0.2828357934199964,3.931399759064506,0.270622489367022,1.3292282174694392,0.6487564659492643,KAKAKKKKKAKKKKAKARKVLKTKPAGPKSASTEAFVRKKSAVTPRPSGKVPKKKGKAASVAPAKPPVTSTKPKKDPAAEKASKTAKPAKKKVAAAKKKKSKPKPKKKA,prota_variant_comb/results/two_chain/ionic_240/H1-0_VAR_Rg3.94_k0.28_PROTA_WT_25nm
50,0.24,26.192337608889925,True,0.1447861742888783,4.134445320871036,0.2750229953852053,1.3946781863322362,0.6606624248019178,AKAKPPKKEKAKRAGTKVASKAKPPKAKPKASGPKSPKVAKAKKATKTGASDVKVSAPKKPTKKATARAKSTVKAKKEKKPSVPKAKKALARKVPAKKKKKKFKSAKKP,prota_variant_k/results/two_chain/ionic_240/H1-0_VAR_k0.14_PROTA_WT_25nm
51,0.24,1080841.929861375,False,0.3643785580072362,4.099035473530199,0.2332191395751581,1.3312379795282696,0.6601685285617824,SKKKVKKKVKPAAAKKPKAKVKASKKKKKAATAGGKRKKASKAKKRKRKKAAKEPKATKVSSAPSKPVKPSAAVAAAPPAPEKTFPKKPKKDATKKKKKGPAPSTKTLV,prota_variant_k/results/two_chain/ionic_240/H1-0_VAR_k0.36_PROTA_WT_25nm
52,0.24,35007.80437033898,False,0.4006609558858023,4.033454563879736,0.2939609632238676,1.3404065144037818,0.6578378394866321,PKSAKVVKVVARPKKTKPKKKKKKKKKKKKKKRKSSPKSSDAAVAATPKAKKSKRKTKAKAPKAEAPVAAPAEKTGFKTPKAPAAKAKSKALKPKAKKGSTAKVAKGPP,prota_variant_k/results/two_chain/ionic_240/H1-0_VAR_k0.40_PROTA_WT_25nm
53,0.24,32.531229233535754,True,0.2690985309225486,4.113715740299963,0.2625803496016766,1.2831728169850842,0.662638794964114,PRPKTVKGAPSKTAPPPKPPAKKKLKKASTKKAKPGKKKPPKEEKAVAATARKKPKAKKAPFKKKKRSASAAKKGKKKVASVVAAKTKAVASKVKKSADAASKKKKKKT,prota_variant_k/results/two_chain/ionic_240/H1-0_VAR_k0.27_PROTA_WT_25nm
54,0.24,6.2276150369482375,True,0.1083125441130546,4.161814374716789,0.2839719477760189,1.3149383112095514,0.6663715561515621,PAKAAKPSAKKVPSAGKKKAPPSKKAPAKAKKTPATRKGVSKAKKAKSPAAKRKGKPAKTDKKFKEKAKKPVKKAARAAVLPKVKSKEKKSVKAKKSTPPKAKTTKKVK,prota_variant_k/results/two_chain/ionic_240/H1-0_VAR_k0.11_PROTA_WT_25nm
55,0.24,442855.66164163727,False,0.5967789600335971,4.118010323982535,0.283391878178837,1.4291559140801608,0.6680596704499415,TGRTVPPKPKKKKKKAKLATAGSTKESKSPPVAPKKKPATAKKRAAKAAKPKKKKKKKKKKKKKKKKKKRAKKKKSVAVATAAAASAPPFPPSSVKKDVEKAAAPASVG,prota_variant_k/results/two_chain/ionic_240/H1-0_VAR_k0.60_PROTA_WT_25nm
56,0.24,84179.10247717444,False,0.5529749458215214,4.12526026054548,0.2701673558653765,1.505837889583331,0.6673307851394642,GKKTPPKKPKKKKKKASLAPAASPKPSKSPEVAKKRKPTAAKPRAAKAAKGKKKKKKKKKKKKKKVRKKKAKKKKSVTSPAAFVAAAVASPVSTAKKDVEKAAPTAPTG,prota_variant_k/results/two_chain/ionic_240/H1-0_VAR_k0.55_PROTA_WT_25nm
57,0.24,28665.99910285604,False,0.4985852957144855,3.975655533347548,0.2372711534410365,1.4318575734290515,0.6587168154719487,TKARGAPKKKKGKLSAKKKKKKVKKPAAAAKRKKKKKKKKKSKGAPSAAKEFSKKKRKKKKPKAKKAVPAASDPKKAPAASTAPTPSTPAVPVKTKVAKAPVAKVETSP,prota_variant_k/results/two_chain/ionic_240/H1-0_VAR_k0.50_PROTA_WT_25nm
58,0.24,23397971.39849766,False,0.7947961588340607,3.936675095528986,0.2613724440041703,1.4261533183617576,0.651424800623779,TAAKKKKKKKKKKRKKKKKKKKKKRKKKKKKRKKKKKKKPKGSKAVVPSSPEPSAKPASAAPPTVAPVAGAAAPAAKEVAPSTPSPKTVVKDLAKFPATAAAASAGKKT,prota_variant_k/results/two_chain/ionic_240/H1-0_VAR_k0.79_PROTA_WT_25nm
59,0.24,189858.2249234429,False,0.6956329823364041,3.949572782929194,0.264124024446329,1.399820564489055,0.6521720738196464,AVAKTKKKERKKKKKKKKRKKKKKKKKKKKKKKKKKKKKKKSASTVTPTVSSAPPGPAKVAESAAKAPSGLSPAVKKPKDGPAASAAKTPRKPPAKAAVFAVPAAPATA,prota_variant_k/results/two_chain/ionic_240/H1-0_VAR_k0.70_PROTA_WT_25nm
60,0.24,21038.62935171494,False,0.8952570298777454,3.95572270468862,0.2587498048708948,1.4655810553097046,0.6579303718561944,SRSAETAPTSKKKKKKKKKKKKKKRKKKKKKKKKRKKKKKKKKKKKKKKVKAKTADAKAPAVKEKPTAAPPVPTPPGGAVASPATASVSVPVAAPAPALGPAAASAASF,prota_variant_k/results/two_chain/ionic_240/H1-0_VAR_k0.90_PROTA_WT_25nm
61,0.24,827658.533597341,False,0.8431041376585928,3.8214550635808298,0.2713974786093601,1.5074543902152855,0.6449404858085749,VVPAAAAGAPTVSAAASTKKKKKRKVKKKKRKKKKKKKVPTAASSPASAAKPSVAATPPATPKKKKKKKKKKKKKKKKKKRKKKKKSAKETGFSAPPAAGPALVAPPED,prota_variant_k/results/two_chain/ionic_240/H1-0_VAR_k0.84_PROTA_WT_25nm
62,0.24,28.013221256891384,True,0.2007783165503265,4.1936486525207535,0.2695413291971451,1.3608028756305468,0.6666219919477434,KPSAPKKKKVPAKTALGEKKKDGAAKPKVPKSKAGKAVAAEKRKRKSFPATKSKKKKAKTAAKKPKTAKKAKKTAKSVSAPAVKKKAAKPTAKPKRVAKSPPKKVKSPK,prota_variant_k/results/two_chain/ionic_240/H1-0_VAR_k0.20_PROTA_WT_25nm
63,0.24,14938.225168936537,False,0.7465513084967733,3.92684201232096,0.2517898139641616,1.3838194258619647,0.6487662764281679,KPPKKKRKKKSKKKKKKKKKKKKKKKKRKKKKKKKRKPKKTSGVASAKAATKAKEVKTASPAGVTPSFGPAPAVAAAPPVPPAASVAAATATASSKAVKEPDKAKAPKL,prota_variant_k/results/two_chain/ionic_240/H1-0_VAR_k0.75_PROTA_WT_25nm
64,0.24,1733.0220050095058,False,0.3011469676658223,4.027432884300266,0.2413651047192529,1.2860734156517517,0.6569377403815917,AAVPKRAPPLPKPKKKKKKFPKGKTKAAPKKKAAKADAKGKTPATAVVASPVPSTGSTSKKKSTKAKKVKASKKKKKKEPSPKERKKAAAAKKKAKAVKKKRAVKSAKP,prota_variant_k/results/two_chain/ionic_240/H1-0_VAR_k0.30_PROTA_WT_25nm
65,0.24,862022.2514784423,False,0.9346926588641222,3.9787337909351215,0.2984101324489439,1.5816479079638572,0.6553330607972528,EDSAKKKKKKKRKKKKKKKKKKKKKAKKKKKKKKKKKKKRKKKKKKRKASTPTAASSSPTPSPGVAAVPPAAKEKSATVVAGTGAAAPFAAAPPPPAAATSAALVPVVP,prota_variant_k/results/two_chain/ionic_240/H1-0_VAR_k0.93_PROTA_WT_25nm
66,0.24,364524.161149926,False,0.6494322538182775,3.868555431588377,0.2769119566918176,1.511186655534973,0.6558242823149606,VPPGPSKSKPAKKKKKKKKKKKKAKAKKKKAKKTGVTVGSAAAPAPKKVRKKKKRKKKKKPSEKKKKKKRKKKSFVAVAVPAAATPAAAPLKAATASATPEPDSPSATA,prota_variant_k/results/two_chain/ionic_240/H1-0_VAR_k0.65_PROTA_WT_25nm
67,0.24,4.677339197488969,True,0.0735583622923667,4.1824109773846425,0.2728708685142673,1.3547645018749197,0.6661143146081795,SAPKSSKKEKKARTPVKAKAKAAAAKARAKTFAKKVPKPGKAKPPVKKAPSKKPPRPVKKLSAKATKAAKGKATKSKEKKAGKPKAPKAVTKKTKVKKKDKKPKVAKSS,prota_variant_k/results/two_chain/ionic_240/H1-0_VAR_k0.07_PROTA_WT_25nm
68,0.24,19678.74812131953,False,0.4584315718152177,4.145906656861619,0.2820580859524962,1.4142707092539757,0.6673928324742154,PLTPTPAASAPKSAEPVVKADTAPASKKRKKKKRKKAKVKRGAKAAKKKKKKKKAAKKAAKVEAPVTPPVSKKGTKKAKKKAKPKKVKSAASAPKKKTKKKSPAGKFPS,prota_variant_k/results/two_chain/ionic_240/H1-0_VAR_k0.46_PROTA_WT_25nm
69,0.24,5246849.155453907,False,0.9805366177718946,3.8486124491754654,0.2911723590270296,1.5126323392282577,0.6503549577687477,ETAAKKKKKKKKKKKKKKKKKKKKKRKKKKKKKKKKKKKRKKKKRKKKAADGSPVAAAAPPPPPVSPAPVVAKESAAAVPAAALSPVSGASASVPTATSGFATPTAPAT,prota_variant_k/results/two_chain/ionic_240/H1-0_VAR_k0.98_PROTA_WT_25nm
70,0.24,59748.12381280854,False,0.4632067831732521,3.632852677761205,0.245479013226676,1.2582105748363874,0.6333965101673599,AATAPKKKKSKKKKKKKKKVKKKGAKAARSAASASKPTVTAAVKPTAVAPPDEEPVTVSPAAPASAPKPRLRGKKFKKKKGKKAKAAKASKPPKAKKKKKKVKKKKPST,prota_variant_rg/results/two_chain/ionic_240/H1-0_VAR_Rg3.61_PROTA_WT_25nm
71,0.24,948973.4925874196,False,0.3394144089523593,3.9041729417677433,0.2816891819731096,1.392606282275982,0.6493930786883023,TKAAAKKAAKKKKKKKKKGSAPKSPVAEVSEVTAAAPAPVKGKDKVKTFKSKPTAPAKKKVTGKRPSAVAAKPPPKAAPKPKKLSARTKKKKKKKKSSRKKKKPAAKKA,prota_variant_rg/results/two_chain/ionic_240/H1-0_VAR_Rg3.93_PROTA_WT_25nm
72,0.24,27680.571683859063,False,0.277865056938287,3.8893967545406816,0.2408261420565029,1.3118130983635463,0.6484885082668306,PKAKKKKKAGKKKKKKAKKAPAKSAPAVVAEPTPRVRSPAPGADSEPVFSTKPKAASPKKKTAKGKSPKKSAKKKKKSKAAKVKAKPTKKKAVKKAPLRTVAKKKTKAA,prota_variant_rg/results/two_chain/ionic_240/H1-0_VAR_Rg3.90_PROTA_WT_25nm
73,0.24,35.8574028030527,False,0.3458430065858348,3.8496429547592967,0.2433939276462714,1.324656889746455,0.6461200550185348,KKPPKKKAKPGAKPAKAKSKKPKATKGSVAKKKTRKKVKAAAADPKFEEVGAPPAATLVTPKASKKRAKKKKKKVSVVSASATRTPSKAKKKKPKKPAPKKSKKKKAAA,prota_variant_rg/results/two_chain/ionic_240/H1-0_VAR_Rg3.83_PROTA_WT_25nm
74,0.24,27.16004663071441,True,0.227054325543543,4.20212116253829,0.2867489000300294,1.4516317506541982,0.6666941225827884,VVPAGAVKKKEASAKPAVKKKAKAKPKKKAPKKAKTAPSKAPKKPGLKKKKARSAGKKATSAVTKKKAKPSKRPATAKKVADTSKKKKAKPPAKTSVSPKAERFKPKKK,prota_variant_rg/results/two_chain/ionic_240/H1-0_VAR_Rg4.22_PROTA_WT_25nm
75,0.24,46967.19725753394,False,0.4284012457852576,3.704985366466061,0.2254933931507673,1.2223627803531152,0.6355973020167137,KKKAKKSAKKKKVKKKTKKKKKKKKKAKKAKKKVPTAVPDGAVAVVEPAAPALAEGFAATPGSTPKPSASKTPSAKKPTKASRPAKPKRSAKPAAKPKKKRKKKAKSVA,prota_variant_rg/results/two_chain/ionic_240/H1-0_VAR_Rg3.66_PROTA_WT_25nm
76,0.24,14397.641423237868,False,0.2233601988848223,4.212739901854522,0.2791715014300512,1.4700033441687812,0.6705755129273796,KEAVAKASAAKSKKTKSKTAARVKEDVPKPTRVKPFSKPPASKKPKKKAKPAKAAAPKKKSKKKKLVKRKKGKKKGTAKPASKAPKPTAPKKASAGKPKKVKAKATVKA,prota_variant_rg/results/two_chain/ionic_240/H1-0_VAR_Rg4.19_PROTA_WT_25nm
77,0.24,345481.71372636384,False,0.2016357430290033,4.127200974424816,0.2670192068122962,1.3304550232405468,0.6655163060300708,SKKPAAAKKKPKKSKSVKDVAAVSKPKAAKKPRAAKKKAKKVVKPTFLTTPKKASKVAKKPKTPKVGKKKKAKKAKAKPKKASGRPKASTKPPAPKASGTAKKAREKAE,prota_variant_rg/results/two_chain/ionic_240/H1-0_VAR_Rg4.15_PROTA_WT_25nm
78,0.24,25795709.26694521,False,0.3613558472362593,3.7752172431991737,0.229649952894825,1.2288646141043642,0.6373701651634346,KKKKKKAKSKPPKKTGKKKSAKKKPRKKKKKADPKASAAATSVGTKAAATAPVFEASEATVAPAPVPKSSRAGKKAATPKPSLKVPKAVVRAPKKKPKKKAKKKAKKKK,prota_variant_rg/results/two_chain/ionic_240/H1-0_VAR_Rg3.75_PROTA_WT_25nm
79,0.24,8304.179155465737,False,0.3290931999988465,3.8802074009822185,0.2689316472712258,1.380978285265016,0.6438072703166321,KGKKKAKKKSKVKKTKSKKKKAKKAPLVVKKKDPAAATGESPAVAAAAVGASTFPPSKPAAKKAKPPPAKVASRKATRKKASEKTPSKAKRPPKKKKKAKAKKVKKPTK,prota_variant_rg/results/two_chain/ionic_240/H1-0_VAR_Rg3.86_PROTA_WT_25nm
80,0.24,52.23624898102181,True,0.2516097321457665,4.084601590174652,0.2597880904934818,1.3949032775042558,0.658233095164135,VKKVEKAASKKKPKKKAKKKARKKEDKPPAKVAAAFPASTKAAPVSKTKPKAKAKTKKPKSRASTSRPATLAKPKPSAKVKKKAGAKTAGKASKVVKKKGKAKPKKKPP,prota_variant_rg/results/two_chain/ionic_240/H1-0_VAR_Rg4.07_PROTA_WT_25nm
81,0.24,683605.9089758539,False,0.4556192088034222,3.5835782690749656,0.236740684946749,1.3506977010174024,0.6297818573794348,KKAKKAKLSSVRKKKKKRKVPRKPKKKKKKAKAAVTAVTPAPSSPVPPATEDEPSAAASAGTPPGPVAAPKTKKPFKAAKAKKKKKGKAKKKAAKKKKTKSKKAVKASK,prota_variant_rg/results/two_chain/ionic_240/H1-0_VAR_Rg3.56_PROTA_WT_25nm
82,0.24,123.56028684024965,True,0.2074808403744876,3.976462188138997,0.2693019113415869,1.3314249369505191,0.6546261054348431,KKAKKKKKGAAKAPKPAPKRGSVKAAFPKSKSKAKKKKVVSVKVAPPTSTAEDKTKKAKTKKSVKKPRAKVAKTPKEAPAKLAKPPKKPARKTSAKASKKAPAKKAGKK,prota_variant_rg/results/two_chain/ionic_240/H1-0_VAR_Rg3.99_PROTA_WT_25nm
83,0.24,5328.124056755144,False,0.3454753595323257,3.741993189451001,0.2643213449412372,1.2899261692424588,0.6395247412714901,KKKAKKKTKAKVKAKKKRKGKKKKSKKKPGPKKRKAKATSAAVKAAPATAAPVFSPPEASVDPVPETSPSRASVKAKPKKPALTKKVAKPSGPKKKTKKKKKAAAKAKA,prota_variant_rg/results/two_chain/ionic_240/H1-0_VAR_Rg3.72_PROTA_WT_25nm
84,0.24,375619.7230248456,False,0.3153489680134663,4.218180676487892,0.2673946778908997,1.3935145559503337,0.6709909566698589,EKPKTVPPSLVSTKSPAAAGKAKAKPAAAKAAAKKKAKTVVPAPRKKKKKVTAKKSKKKKKPPKSRKAKAKKKKGVFPPKKAKGKKKKPSDAKAPSTATRAKSKAEKVK,prota_variant_rg/results/two_chain/ionic_240/H1-0_VAR_Rg4.25_PROTA_WT_25nm
85,0.24,390.64569997762646,False,0.3267236935862954,3.780515282649312,0.2392260915785139,1.261509594715058,0.6400082102072601,PKPPTKPAKSGVKKVKKKKPKKKAPKGSAAVKKKAKKKSAAASDPAVEEAGASSVPTAATPKKSKARKKKPKTKSAAFARATTRVPVKLKKAAPKKKKPKKAKKKKKAK,prota_variant_rg/results/two_chain/ionic_240/H1-0_VAR_Rg3.79_PROTA_WT_25nm
86,0.24,1220702.3325007197,False,0.5426081594631277,3.472594184617124,0.2234716940892701,1.2739043521181732,0.6211914536793833,KKKKKPKKKKKKKGKPKKKKKKKKAKKKKKKRAVPVTSGAVASVAVSAAEPDEATASTPTPAPAATPAAAFAASRPPKKPVTKSGKVKKKAKKLSRKPKKKAPASAKKA,prota_variant_rg/results/two_chain/ionic_240/H1-0_VAR_Rg3.50_PROTA_WT_25nm
87,0.24,12582.124165964828,True,0.3381873497200995,3.99824193221214,0.2560929308068044,1.34803123791671,0.653248381871087,AEKSKKKKKKKKKKAPDPKAKLRGFAVAAKSKKKKKAAPAKSPAPVAVSTKARGPTKAPKSKSVPVAKPPKARTESKGKKASTAPKKKKKATKAKVVKKKAKAKPTPAK,prota_variant_rg/results/two_chain/ionic_240/H1-0_VAR_Rg4.03_PROTA_WT_25nm
88,0.24,1024754.7913487668,False,0.5719069558024032,3.464468583714464,0.2471808058814266,1.2400092300728336,0.6188336115666276,LKKKKAKRKKKKKKAKKKKKKRKKAKKKGPKVAAPAAGSSPATPPASTFTEDEAVSTVSAAPPPATATVPVPAKKSAKKAPAKVAKPVKAASKKKKSARGKKKKKKKKP,prota_variant_rg/results/two_chain/ionic_240/H1-0_VAR_Rg3.44_PROTA_WT_25nm
89,0.24,28532.90758981405,False,0.3726575336784909,3.913166622139169,0.2562654855327905,1.326314549935006,0.6472596547102193,KKKKKKKKKKKKKKAAKRVALKTTAAKPKSVASEAFKRKSSAGAKPVTGAPRKKKPPKKTVVPAPPASATPKKKADAPSEPAKKSAKKAKKVKPAKKKTKAAPSAVKGK,prota_variant_rg/results/two_chain/ionic_240/H1-0_VAR_Rg3.96_PROTA_WT_25nm
90,0.24,21.07343968344442,True,0.1544316710662214,4.255135278507266,0.2721716943633471,1.3742445790360651,0.6683553202326139,TKGVGASGSFRLAKSDEPKKSVAFKKTKKEIKKVATPKKASKPKKAASKAPTKKPKATPVKKAKKKLAATPKKAKKPKTVKAKPVKASKPKKAKPVKPKAKSSAKRAGKKK,prota_h1-0/results/two_chain_25nm/ionic_240/H1-0_PROTA_WT_25nm
91,0.33,3299.678374970288,True,0.1544316710662214,4.255135278507266,0.2721716943633471,1.3742445790360651,0.6683553202326139,TKGVGASGSFRLAKSDEPKKSVAFKKTKKEIKKVATPKKASKPKKAASKAPTKKPKATPVKKAKKKLAATPKKAKKPKTVKAKPVKASKPKKAKPVKPKAKSSAKRAGKKK,prota_h1-0/results/two_chain_25nm/ionic_330/H1-0_PROTA_WT_25nm
92,0.34,4682.735165772763,True,0.1544316710662214,4.255135278507266,0.2721716943633471,1.3742445790360651,0.6683553202326139,TKGVGASGSFRLAKSDEPKKSVAFKKTKKEIKKVATPKKASKPKKAASKAPTKKPKATPVKKAKKKLAATPKKAKKPKTVKAKPVKASKPKKAKPVKPKAKSSAKRAGKKK,prota_h1-0/results/two_chain_25nm/ionic_340/H1-0_PROTA_WT_25nm
93,0.29,510.6572983074755,True,0.1544316710662214,4.255135278507266,0.2721716943633471,1.3742445790360651,0.6683553202326139,TKGVGASGSFRLAKSDEPKKSVAFKKTKKEIKKVATPKKASKPKKAASKAPTKKPKATPVKKAKKKLAATPKKAKKPKTVKAKPVKASKPKKAKPVKPKAKSSAKRAGKKK,prota_h1-0/results/two_chain_25nm/ionic_290/H1-0_PROTA_WT_25nm
94,0.15,1803.4658488582115,False,0.1544316710662214,4.255135278507266,0.2721716943633471,1.3742445790360651,0.6683553202326139,TKGVGASGSFRLAKSDEPKKSVAFKKTKKEIKKVATPKKASKPKKAASKAPTKKPKATPVKKAKKKLAATPKKAKKPKTVKAKPVKASKPKKAKPVKPKAKSSAKRAGKKK,prota_h1-0/results/two_chain_25nm/default/H1-0_PROTA_WT_25nm
95,0.205,4.854594866327127,False,0.1544316710662214,4.255135278507266,0.2721716943633471,1.3742445790360651,0.6683553202326139,TKGVGASGSFRLAKSDEPKKSVAFKKTKKEIKKVATPKKASKPKKAASKAPTKKPKATPVKKAKKKLAATPKKAKKPKTVKAKPVKASKPKKAKPVKPKAKSSAKRAGKKK,prota_h1-0/results/two_chain_25nm/ionic_205/H1-0_PROTA_WT_25nm
96,0.165,17.435458210960697,False,0.1544316710662214,4.255135278507266,0.2721716943633471,1.3742445790360651,0.6683553202326139,TKGVGASGSFRLAKSDEPKKSVAFKKTKKEIKKVATPKKASKPKKAASKAPTKKPKATPVKKAKKKLAATPKKAKKPKTVKAKPVKASKPKKAKPVKPKAKSSAKRAGKKK,prota_h1-0/results/two_chain_25nm/Borgia_in_silico/H1-0_PROTA_WT_25nm
97,0.18,141.40452510795885,False,0.1544316710662214,4.255135278507266,0.2721716943633471,1.3742445790360651,0.6683553202326139,TKGVGASGSFRLAKSDEPKKSVAFKKTKKEIKKVATPKKASKPKKAASKAPTKKPKATPVKKAKKKLAATPKKAKKPKTVKAKPVKASKPKKAKPVKPKAKSSAKRAGKKK,prota_h1-0/results/two_chain_25nm/ionic_180/H1-0_PROTA_WT_25nm
98,0.165,361.20050834937575,False,0.1544316710662214,4.255135278507266,0.2721716943633471,1.3742445790360651,0.6683553202326139,TKGVGASGSFRLAKSDEPKKSVAFKKTKKEIKKVATPKKASKPKKAASKAPTKKPKATPVKKAKKKLAATPKKAKKPKTVKAKPVKASKPKKAKPVKPKAKSSAKRAGKKK,prota_h1-0/results/two_chain_25nm/ionic_165/H1-0_PROTA_WT_25nm
99,0.29,4495.056842752007,True,0.2558199757512331,3.869399846818837,0.2654232995134538,1.2169228048205256,0.644961589696099,KKVKKKKKPKPPKPARKPPKKVKSAAVGSASAGKTASKTTKEKKAKAPAARASTDESFTLAAVVKKKPKGKRKKKPPKTKKPASSKPKAAAKAKKAKAKAVAPKVKKKK,prota_variant_comb/results/two_chain/ionic_290/H1-0_VAR_Rg3.87_k0.26_PROTA_WT_25nm
100,0.29,67012.9738646248,True,0.4840183070127905,3.5896473514167164,0.2204271558586552,1.149579484797002,0.6269932908988931,KKKKKASLASKKRKKKKKKVKAAKKKKKRKKVSPPTPVAVAPPKGATPPTEDEVTAAPSGATAPTAVSVPAKKPKKKAAKAARFPSPGAKKKAAAKKKSSKKKKKKAKK,prota_variant_comb/results/two_chain/ionic_290/H1-0_VAR_Rg3.60_k0.48_PROTA_WT_25nm
101,0.29,88958.54329618884,True,0.5437108406465243,3.6181783374885343,0.2347993177511575,1.1762371302104833,0.6309466273237847,AAKVKAKAKKKKRKKRKKKKKKKKKTAKKKKKKVATAVPDEVVAVSEPAVPLPSGGFASTPGTSAAAPPAKSPAAKKATKAKRKKKKKPSAKAPKPPPKSKKKTAKKSA,prota_variant_comb/results/two_chain/ionic_290/H1-0_VAR_Rg3.63_k0.54_PROTA_WT_25nm
102,0.29,87365.1488166227,True,0.3726575336784909,3.915828813874964,0.2796501963745088,1.3087661855861523,0.6471514026264336,KKKKKKKKKKKKKKAAKRVALKTTAAKPKSVASEAFKRKSSAGAKPVTGAPRKKKPPKKTVVPAPPASATPKKKADAPSEPAKKSAKKAKKVKPAKKKTKAAPSAVKGK,prota_variant_comb/results/two_chain/ionic_290/H1-0_VAR_Rg3.96_k0.37_PROTA_WT_25nm
103,0.29,11399.360015716527,True,0.4054681313007746,3.746531003120204,0.2489672618319498,1.3913950159757011,0.6428705873704466,VAAKAKKAAAKVKKKKKKPPGKRKKAAKKRKKKVKKKPSKAPSTSLSAAPATVPPPPAATVFSPEEVTDTGAKPAKVKKKASKKSRAKKAKGKKKKKKATPKSKPKAKA,prota_variant_comb/results/two_chain/ionic_290/H1-0_VAR_Rg3.68_k0.41_PROTA_WT_25nm
104,0.29,573.5575034848827,True,0.1726299094038263,4.193066821329064,0.2749232994060163,1.434377582408336,0.6627527237368064,KVERKVKKKAKDKGVPPLKKPKAKKVTAKSRRGKKAAAKKKVVKKAAAKKAPAKAAKAKSSKKSAKASAPGKPSTKTEKTATPSKKAAKKASAKPPPFKKKPKKVPPTK,prota_variant_comb/results/two_chain/ionic_290/H1-0_VAR_Rg4.20_k0.17_PROTA_WT_25nm
105,0.29,1207.679047558215,True,0.2326547778438097,4.276009721401059,0.27412261600001,1.5292863423300165,0.6715252317860078,PVPFRTVPETSAKKKATEKKPPTAKKKLAKKTAGKKKAKKKVKKAKAAPKKKSAASVTKAKPKKVASAKPKKPKKPAKKRAAKAGPASAKKASKKKSKPAVDKGSVKPR,prota_variant_comb/results/two_chain/ionic_290/H1-0_VAR_Rg4.26_k0.23_PROTA_WT_25nm
106,0.29,685.2822116785422,True,0.1899507478806522,4.070172957401869,0.2326415178483649,1.295756774057059,0.6605462998010216,KSAKPKASAKKATKKKSKPAVRKKEPAPKPTRVKVFGKPVASAEPVKKAKAAKPKAKKAVSSKKALKKRTKKKPKGTAKPASKKDAATAPKKSKAGKPKKVKKKATKPA,prota_variant_comb/results/two_chain/ionic_290/H1-0_VAR_Rg4.09_k0.19_PROTA_WT_25nm
107,0.29,4260.569320023438,True,0.3049514675891889,4.041448840817492,0.2649258713374455,1.30719731239252,0.6560264652681881,KGKVKKPSKKKASKPASKTTKRVVKDAAKVTATRGFAKEKSPPVPVKPEKAAGKKAKPLKSSKKAAKKKKASPRKKSAAAAAKPPAAAKTPKAPPKKKKKKKKKKTKAV,prota_variant_comb/results/two_chain/ionic_290/H1-0_VAR_Rg4.05_k0.30_PROTA_WT_25nm
108,0.29,649914.399934998,False,0.6192097829450705,3.421326892089944,0.2216061946311507,1.1296788946491834,0.6153039033383657,KKVKKKKKKKTKKKKRKRVKKKKKSKGKKKKKAAPAPASTAPPGPAPTPSEDEVAATPAGAVTLPAAPVSAAASFPAAPASAKAKKRPKKKKKVKKSKSVTKKAKKKKA,prota_variant_comb/results/two_chain/ionic_290/H1-0_VAR_Rg3.43_k0.62_PROTA_WT_25nm
109,0.29,603903.7201277883,True,0.5786168355613107,3.4362918818948223,0.2342370348683231,1.181999704951666,0.6167708936622269,KKKKKAKRKKKKKKAKKKKKKAKKAKKKGPKVAAPAAGSSPATPPASAFTEDEAVSTVSAAPPPATATVPVPAKKSAKGAPAKVRKPVLAASKKKKSTRKKKKKKKKKP,prota_variant_comb/results/two_chain/ionic_290/H1-0_VAR_Rg3.46_k0.58_PROTA_WT_25nm
110,0.29,35508.72703197313,True,0.3748270546526522,3.8521984324738106,0.2369118392027767,1.294599776023023,0.6442860293348294,KKAKKKKAKKKKKKKKGSKSARKSKAAVPAEAVKPVAASPPPPDKEGPTASAAATASPAKKTAVATRLKKSPKKKKPSKKTPAKVKKKKKPKPRAKAVKVFGKAKTKAK,prota_variant_comb/results/two_chain/ionic_290/H1-0_VAR_Rg3.88_k0.37_PROTA_WT_25nm
111,0.29,1882.3014510144671,True,0.2232587145796646,3.91705699961572,0.2303732790752002,1.267707077021882,0.650072439293078,KKAKKKKKGAAKAPKPAPKRGKVKAAFPKSKSKAKSKKVVSVKVAPPTSTAEDKTKKAKTKKSVKKPRAKAAVTPAEAPAKLAKPPKKPARKTSAKASKKKPKKKAGKK,prota_variant_comb/results/two_chain/ionic_290/H1-0_VAR_Rg3.94_k0.22_PROTA_WT_25nm
112,0.29,3747.709102501901,True,0.3352456402076068,4.031956227756439,0.2504182619976536,1.4101028656847931,0.6552997302130775,KGKKKKPSKKKKAKPASKKTSKVVKDPKAVKATRSFAKEKSPPVPVKPEKAAGATAKSLKAKRKAAKKKKAGARKKSAKSAATPPAAAATPKTKVKKKKKKKPKVAKPP,prota_variant_comb/results/two_chain/ionic_290/H1-0_VAR_Rg3.99_k0.34_PROTA_WT_25nm
113,0.29,57694.58733727899,True,0.4711934578903775,3.69916012335063,0.2465238472838278,1.1908987958313009,0.6346861115172352,KKKAKKTAKPKKVKKPAKKKKKKKKKKKKAKKSVATAVPDEAVAVVEPAAPLAAGGFAATPGSSPKPSASKTPSAKKPTKAKRKKKKKRSAKPPAKPTKKRKKAAKSVA,prota_variant_comb/results/two_chain/ionic_290/H1-0_VAR_Rg3.65_k0.47_PROTA_WT_25nm
114,0.29,35873.70525884413,True,0.333045813515479,3.910570222104038,0.2419715629228527,1.186592121835045,0.6475592622933863,KKKKKKAKKKKKTKAKKKKPLAATPAKPKSVAKEVAKGASRSAKFSVTGAPRKVKKPRKSVKKAPPKSAAPAPKADAPSEPAKASAKKTKKVAPAKKKTKKAKKTKPGV,prota_variant_comb/results/two_chain/ionic_290/H1-0_VAR_Rg3.92_k0.33_PROTA_WT_25nm
115,0.29,1867.053832538355,True,0.2737503398024687,3.814292096969865,0.2424854187899599,1.2617403503739766,0.6440172572673893,KAKGKKKGKTAKKVKKAAAAKKLPSKAPRPAAAPVAKKPKKKRSSKVPAAADEEPVTFKPSAAAKVPTSKKVKKRKAKKKPKAPPATSVKKTKKKSKTKKSAPGAKKKK,prota_variant_comb/results/two_chain/ionic_290/H1-0_VAR_Rg3.81_k0.27_PROTA_WT_25nm
116,0.29,1440.2141877401298,True,0.2882613795873807,3.887188631359778,0.2591120069065386,1.3007461949275552,0.6456212852899533,SKKKAAKAKAKAKPKLKKKKPKKSGVEEPDAAGFTVGTPPKKKPKVAAKTTASVKRPPRKKAKSKAAAAVASKPPPKTATAKAKKKKPKASPSARSKVKKKKVKKAKKK,prota_variant_comb/results/two_chain/ionic_290/H1-0_VAR_Rg3.89_k0.29_PROTA_WT_25nm
117,0.29,21188.28038517159,True,0.4529575156691175,3.796942052363025,0.2640651299846612,1.3404223734956544,0.6381459698821541,KKRKKAKSKKAKKKKFAKKKAASGPTEEDASAAGSGAPSPVAAPPAKTPAAVSARKKKKKKKKPASTKAVKVAKTPPPRVSKKAKKTKVPAVPKKKKKKKKKKTPLKAA,prota_variant_comb/results/two_chain/ionic_290/H1-0_VAR_Rg3.82_k0.45_PROTA_WT_25nm
118,0.29,4995.144031616208,True,0.2506232377358269,3.8710438405143,0.2683667656537626,1.3679144288809952,0.6435336815107005,KKKKKAKAKAKKSVFKKKKRTKKVSVEEPDAAGKTSPKKGVKKPKPAAKTTAPVRKPPRKKSPGAAAAAAKASAPASTVKKAAKKKTPLAKPKKKSPVKSKKAKKPAKK,prota_variant_comb/results/two_chain/ionic_290/H1-0_VAR_Rg3.92_k0.25_PROTA_WT_25nm
119,0.29,2684.5796668919675,True,0.3267236935862954,3.811015274050799,0.2447286877784391,1.244709023304136,0.6415843796051638,PKPPTKPAKSGVKKVKKKKPKKKAPKGSAAVKKKAKKKSAAASDPAVEEAGASSVPTAATPKKSKARKKKPKTKSAAFARATTRVPVKLKKAAPKKKKPKKAKKKKKAK,prota_variant_comb/results/two_chain/ionic_290/H1-0_VAR_Rg3.79_k0.33_PROTA_WT_25nm
120,0.29,917.946869277077,True,0.2116057268177728,4.182652873619235,0.2730670216496471,1.432149280482074,0.6665574223560101,PEKRKSTSAPSSKGATPLPVTPAKKAKVKSTAKKAFSKVKRKKAKKPAKKAVKPAAKAKKSPKVKKAKADGKKPKVTTRGAVPAKKEKAKKKAKAPPAKKKSAKKPKKA,prota_variant_comb/results/two_chain/ionic_290/H1-0_VAR_Rg4.19_k0.21_PROTA_WT_25nm
121,0.29,39189.797168591074,True,0.3758566415587871,3.808795807061293,0.2599528047503578,1.4360698094699342,0.6403045362824009,KKPVKAAKKKKKKKKKAKKKKKKRPSASAVEPEPSTVVPAAPDPTSAVLFKKAKTKKASAATPKKGATAGSKAKVAPPVPKGKAKPKSKRKAKAKKKTSARAAKKPKKK,prota_variant_comb/results/two_chain/ionic_290/H1-0_VAR_Rg3.76_k0.38_PROTA_WT_25nm
122,0.29,2947.409348108957,True,0.2633543335901857,4.209072039339348,0.2564436788468685,1.4591538565422089,0.671931669584534,PAAETKTKKKTVAPKPAAKKKAKPVKKKSVTVAKAKPKRKPKAAGTKSKKKAKKKAKKKKGATKPKRKPKSPAKKAKKAADKKALPRKFPVPVAVAKSSSAEAPSGKSK,prota_variant_comb/results/two_chain/ionic_290/H1-0_VAR_Rg4.24_k0.26_PROTA_WT_25nm
123,0.29,44486.37024073382,True,0.4207916678964434,3.6521037952120414,0.2317182691538243,1.2079432608097098,0.6354971752359679,KKKKKAKLASKAAKKKTRKKKRAKKKKKKKKVKPVTAVPAAPSKAPTPPTEDEVTAAASGVTAPAPVVAPKKKAPKKPAKKKKFKKGSAKRKKPPAKKSKSSAKAGASK,prota_variant_comb/results/two_chain/ionic_290/H1-0_VAR_Rg3.62_k0.42_PROTA_WT_25nm
124,0.29,2273.460284340135,True,0.2452778822442065,4.017494276227287,0.2517450423772919,1.2099909108705185,0.6558575482772413,VKKVEKAASKKKKKKKKKKDARKKEKTPPAKVAAAFPASTKAAPVSAKKPKAAAKTKKPKSRSATSRPKTLAKPKPSAKVKKKAGAKTAGKASKVVKPKGKAKPKKKPP,prota_variant_comb/results/two_chain/ionic_290/H1-0_VAR_Rg4.07_k0.25_PROTA_WT_25nm
125,0.29,2470.454315956837,True,0.2523711896159454,3.96425850678974,0.2541505512986396,1.3488939985532062,0.6515884233722313,KKPKGAKKTPAKKKPKKKKDKKVVLKVAKKPKKKKPTAAPAPPGKSKTSTTVEAAAAPSKEKSAKKRKVKPAAAFPSASKSKAKVATKKAKKPAKKKVRAKGAAKPRKS,prota_variant_comb/results/two_chain/ionic_290/H1-0_VAR_Rg3.97_k0.25_PROTA_WT_25nm
126,0.29,39290.85765481805,True,0.4233994407233951,3.6960482469706624,0.229662379566366,1.2580856188553935,0.6358311594993759,KAKKKKKKSKKRKKPKKSAAGKAKAPTKKRKKKLVKKKSKAPAGVAPAAPATVPSPAAAKVDFPEEVTATGPARPSVKTKKAKKKKSPSTAVKKKKPKSKKKPAAKAKA,prota_variant_comb/results/two_chain/ionic_290/H1-0_VAR_Rg3.74_k0.42_PROTA_WT_25nm
127,0.29,3352.1383359820065,True,0.2155886336575027,3.982978866116458,0.2448139950011915,1.3384767124597348,0.6510313184068303,KKKSKAKKGSKVKASKKAKKKAAPTVLPVKKKDKPPATPESPAKAAKGVAKAKFPAKAPAAKAKAVPPKSTGSRPATRKKATEKTKSKAKRPVKSKKKKKAKKVKPAKK,prota_variant_comb/results/two_chain/ionic_290/H1-0_VAR_Rg3.99_k0.22_PROTA_WT_25nm
128,0.29,84584.46987000729,True,0.4912909125235055,3.666280327380025,0.2453507498224592,1.2773912103478018,0.6317920697137593,KKKKKKKKSKPPKKTKKKPAKAKKKPKKKKKPDPTPSSTAPTVPAAAAASAPVFEASEASVSKAVVPKSTKGGRAARTKKAALAPPAAVKRKKKKKKKKKAKKKAAKGV,prota_variant_comb/results/two_chain/ionic_290/H1-0_VAR_Rg3.72_k0.49_PROTA_WT_25nm
129,0.29,980.3879611196296,True,0.1824298090633026,4.131871417723375,0.2663755404147065,1.3413873883454612,0.665909806061789,KEAVAKASAKKSKKTKSKPAARVKEDVPAPTRVKPFKKPKASKSPVKKAKAAKPAAKKKKSSKKKLKKRTKGKPKGTAKPASKAPKKTAPKKAKAGKPKKVKAKATVPA,prota_variant_comb/results/two_chain/ionic_290/H1-0_VAR_Rg4.15_k0.18_PROTA_WT_25nm
130,0.29,82144.81385336064,True,0.3943128198613118,3.774858254789936,0.2503119069728842,1.3190255481886155,0.6408114377933413,KKAKKKKAKKKKKKKKGKKSARASKPAVPAEAVKPVVASPPPADSEGVTPSKPATASPAKKTAKKTVAAKSAAKAKPSKKTKKKRKKKKKPKPRAKALKVFGKAKTPAK,prota_variant_comb/results/two_chain/ionic_290/H1-0_VAR_Rg3.83_k0.39_PROTA_WT_25nm
131,0.29,8234.050316126988,True,0.3366031147354351,3.9090346851346736,0.2479181829293139,1.2849482706188131,0.6467809928780074,PKKSKAAKKVKKKKAKKKVPLRPKAGVSAGTADARTASAETPVPVPKKPTKAKAEAVAPPAAAPSAKFVKSAPKKRKKKATAKKKKGSKPKKSKKAKKKKSKPKTAKKK,prota_variant_comb/results/two_chain/ionic_290/H1-0_VAR_Rg3.89_k0.34_PROTA_WT_25nm
132,0.29,2401.068734514698,True,0.2664132231988578,4.214219559260203,0.2573458984419428,1.3926865903300587,0.6682201044729685,PRAVKVPPSAKSEKKPSKAKRAKKKPKTDKAKKAPFAATVAARPSSKKAALTKKKAKKKKKPKKSAAAKKKKAKGPKKPPASKGPKKEKSKVAAPGTATKTKKKAVVVK,prota_variant_comb/results/two_chain/ionic_290/H1-0_VAR_Rg4.18_k0.27_PROTA_WT_25nm
133,0.29,778.915472992861,True,0.2189766483264902,4.21932421259533,0.2662879297874043,1.3440041648390182,0.667688525403684,GPTFEPPKKSPPKERAKKKAAAKAGSAPVKKAKKGKSSAKPKPKAKKAPKPAVKAKAASKAAKKKKATTSPKKKAKAKKKSKSVVPARKKLKKKTRVTTKDKAVKKVPA,prota_variant_comb/results/two_chain/ionic_290/H1-0_VAR_Rg4.23_k0.22_PROTA_WT_25nm
134,0.29,24007.13466529171,True,0.2971152237806764,3.856202572642424,0.2259788477849619,1.3266567957799218,0.6462067322008292,KKAKKKKKKKAPKKAKPAKKSKKKAKKPKKAASKVASKPAKPLGSKVPAASDETPSVFVKTAVPPKPTRGKRKKKTKATKPAAKSAEPVKRATSKAAKKKKAPGKAAVK,prota_variant_comb/results/two_chain/ionic_290/H1-0_VAR_Rg3.85_k0.30_PROTA_WT_25nm
135,0.29,84510.36517664674,True,0.5403016699314778,3.7301173875985607,0.2685697278185132,1.3583941733650997,0.6343141586045482,KKKKKKKKSKPPKKTKKKKPGKKKPRKKKKKKKAKASASATPVGAAAATTRPVFEAVEATVAAPPAAASSRAKDKAATPPAPLGVKVAVPSSPKKKSKKKKKKKAKAKK,prota_variant_comb/results/two_chain/ionic_290/H1-0_VAR_Rg3.72_k0.54_PROTA_WT_25nm
136,0.29,22546.43841461385,True,0.3204966386279625,3.9413626652854754,0.2675134592154586,1.4851320225956337,0.6507755325469294,PKAKKAKSKVRKLPFAAKVKTAAVSAEEDGVAGAPSPAKASKATSPAATKAKPVTKTKRKKSPKAKPAKAKAKSAKKPVTKKKKKKRKKKKPVKKGPKKAKKKKAPSPK,prota_variant_comb/results/two_chain/ionic_290/H1-0_VAR_Rg3.95_k0.32_PROTA_WT_25nm
137,0.29,293833.65961620555,False,0.4490018336345311,3.5839937504012185,0.2453354541877896,1.3612002331937572,0.6282182126686636,KKKKKKKKKKKKVAKRKRKKKAKKSKLKAKKKSAPSPAATKPPGVVPSPTEDEVTAGPAGPATASAVPVAAKAPKPAATKASKKKTFRKSAKKAAKKKSPVKKAKKPKA,prota_variant_comb/results/two_chain/ionic_290/H1-0_VAR_Rg3.57_k0.45_PROTA_WT_25nm
138,0.29,850.1817869849182,True,0.1790011660086344,4.242750263327876,0.2565135290174787,1.3414969774596848,0.6693009950444309,VPAEASAKSPRKAKAAATKKSAKAGTTLPPPAKKAKAATRKKAVRVSGKPSKPKKKPKKAPATKKSKKAKKAAVKVKAPAKKKKVPKKVKGAKPKFPKTKKSEKKDKSK,prota_variant_comb/results/two_chain/ionic_290/H1-0_VAR_Rg4.24_k0.18_PROTA_WT_25nm
139,0.29,102643.9768235908,True,0.5034957700224681,3.496035139475571,0.2024802537552349,1.0651821540710351,0.621167780780881,KSKKGKKPKKKAKVKAKAKKKKKKKKKKKKRRSAKSTSAAAAVVASSATEPDEGAVAAPTPAFAPPPAAVPPTSAAKPTVKAKKGKTKKKPKKLPRKPKKKKAVSAKKK,prota_variant_comb/results/two_chain/ionic_290/H1-0_VAR_Rg3.51_k0.50_PROTA_WT_25nm
140,0.29,4966.646803310639,True,0.3285366831836917,4.253765198179362,0.2793816550076511,1.4781094396531225,0.6725086271795316,PPAEAKSKSTVAAPVAATKKKAAPGATLPVAAVKSKSKTRKKAARVKGKASKPKKKKKKKPATKVKKKKKKPAAKAKAPAAKKKSPFKRKGPKKKKPSTKAPEKKDKSV,prota_variant_comb/results/two_chain/ionic_290/H1-0_VAR_Rg4.27_k0.33_PROTA_WT_25nm
141,0.29,36857.28094149359,True,0.4198943620813468,3.84887963597956,0.2449822026497939,1.2832177219741523,0.6420724372261782,KKVKSKPKKKKAKKAKKKKKAAKKTKVKKDKAKAAPKKLRPPKAAPGTEAAAGKSAAPAFPPVPAPAAPTASESKKAVVVSSSTTPSKKKRKKRKAKKKKGKVKKATPK,prota_variant_comb/results/two_chain/ionic_290/H1-0_VAR_Rg3.87_k0.42_PROTA_WT_25nm
142,0.29,2163.8744766461723,True,0.2638579132317071,4.040760608522759,0.2680995679220033,1.3393379652972777,0.6562988862981443,EAAKKKTSKKAPPPKKPKAKAVKVPKKARTFKSSGAKKPKAKSDPAVEAAKTASVAPASPKSVKTKKPAKAKKGRKKKAKPKTATPKKGKSALVKKKKRKKKVPKAKAA,prota_variant_comb/results/two_chain/ionic_290/H1-0_VAR_Rg4.02_k0.26_PROTA_WT_25nm
143,0.29,19990.65427725375,True,0.2817604610429568,4.0043609171732255,0.2710277702689725,1.4335678953694426,0.6542028960347455,KKKAKKKKKAKKKKAKKRVALKTTPAGPKSVATEAFPRKSSAVKKRVTGVVAKKKKPAASVPPAKPPKTTPKKSPKAPSEKAKKSAKKAKKGKPAAKKAKSAPAAKKDK,prota_variant_comb/results/two_chain/ionic_290/H1-0_VAR_Rg3.98_k0.28_PROTA_WT_25nm
144,0.29,13412.701365252238,True,0.3624933325297959,3.694182661814135,0.2423059568360618,1.1211656564236243,0.635551767928079,VKAAAKKKAAAVKKKKKKPPGKRKKAAPKTAKKVPKPKSKAPATTLSVAKAPASPTPAATSFSPEEAVDTGAKPPASKKKKVKKSRKKKKKGAKKKKKAKPKSAKRKVK,prota_variant_comb/results/two_chain/ionic_290/H1-0_VAR_Rg3.72_k0.36_PROTA_WT_25nm
145,0.29,405.6900707271782,True,0.2075577437106209,4.122358555929319,0.2576307819061828,1.335747590003322,0.6631124433941549,KGKVAKPSAEKAKAAKSKKAKRVKKDVAAPTRVKPFKKPKAEKSPVKKKKASKPASKAKKSSKKALKKRTASAPKGTAAPAKKAPAKTKPGKAKATKPKKTKKKKPVPV,prota_variant_comb/results/two_chain/ionic_290/H1-0_VAR_Rg4.15_k0.21_PROTA_WT_25nm
146,0.29,702.5896117487978,True,0.2011728452916868,4.029437205536328,0.2543105068991706,1.3467535744295225,0.6575847901467884,FAGKKAAKAKKLPPKKPTPKARKVPSAARTKKSVKKSKPKAKADPAVEVAKAASSAPKKPKKVKTAKPAKEKRKTKSKAAPSTAKPTKVKSKAKKGKKKKKGVPKAKKA,prota_variant_comb/results/two_chain/ionic_290/H1-0_VAR_Rg4.03_k0.20_PROTA_WT_25nm
147,0.29,2986.517573701152,True,0.3400539684504622,3.817468131390103,0.2636859030677121,1.2560997328820078,0.6420242302759189,KKPPTKPAKVGKKKAKKKKPKKKASPGSAAVKKKAKKKSAAASDPAVEEAGKPSVPTAATPAKSKARKKKPKTKSAAFSRATTRVPVKLKKAAPKKKKPKKAKKKKKAV,prota_variant_comb/results/two_chain/ionic_290/H1-0_VAR_Rg3.83_k0.34_PROTA_WT_25nm
148,0.29,8354.849793985613,True,0.2828357934199964,3.931399759064506,0.270622489367022,1.3292282174694392,0.6487564659492643,KAKAKKKKKAKKKKAKARKVLKTKPAGPKSASTEAFVRKKSAVTPRPSGKVPKKKGKAASVAPAKPPVTSTKPKKDPAAEKASKTAKPAKKKVAAAKKKKSKPKPKKKA,prota_variant_comb/results/two_chain/ionic_290/H1-0_VAR_Rg3.94_k0.28_PROTA_WT_25nm
149,0.33,51647.05407522764,True,0.4840183070127905,3.5896473514167164,0.2204271558586552,1.149579484797002,0.6269932908988931,KKKKKASLASKKRKKKKKKVKAAKKKKKRKKVSPPTPVAVAPPKGATPPTEDEVTAAPSGATAPTAVSVPAKKPKKKAAKAARFPSPGAKKKAAAKKKSSKKKKKKAKK,prota_variant_comb/results/two_chain/ionic_330/H1-0_VAR_Rg3.60_k0.48_PROTA_WT_25nm
150,0.33,86370.22594228853,True,0.5437108406465243,3.6181783374885343,0.2347993177511575,1.1762371302104833,0.6309466273237847,AAKVKAKAKKKKRKKRKKKKKKKKKTAKKKKKKVATAVPDEVVAVSEPAVPLPSGGFASTPGTSAAAPPAKSPAAKKATKAKRKKKKKPSAKAPKPPPKSKKKTAKKSA,prota_variant_comb/results/two_chain/ionic_330/H1-0_VAR_Rg3.63_k0.54_PROTA_WT_25nm
151,0.33,19911.32283771634,True,0.4054681313007746,3.746531003120204,0.2489672618319498,1.3913950159757011,0.6428705873704466,VAAKAKKAAAKVKKKKKKPPGKRKKAAKKRKKKVKKKPSKAPSTSLSAAPATVPPPPAATVFSPEEVTDTGAKPAKVKKKASKKSRAKKAKGKKKKKKATPKSKPKAKA,prota_variant_comb/results/two_chain/ionic_330/H1-0_VAR_Rg3.68_k0.41_PROTA_WT_25nm
152,0.33,3733.654772015005,True,0.1726299094038263,4.193066821329064,0.2749232994060163,1.434377582408336,0.6627527237368064,KVERKVKKKAKDKGVPPLKKPKAKKVTAKSRRGKKAAAKKKVVKKAAAKKAPAKAAKAKSSKKSAKASAPGKPSTKTEKTATPSKKAAKKASAKPPPFKKKPKKVPPTK,prota_variant_comb/results/two_chain/ionic_330/H1-0_VAR_Rg4.20_k0.17_PROTA_WT_25nm
153,0.33,43669.95744040127,True,0.3748270546526522,3.8521984324738106,0.2369118392027767,1.294599776023023,0.6442860293348294,KKAKKKKAKKKKKKKKGSKSARKSKAAVPAEAVKPVAASPPPPDKEGPTASAAATASPAKKTAVATRLKKSPKKKKPSKKTPAKVKKKKKPKPRAKAVKVFGKAKTKAK,prota_variant_comb/results/two_chain/ionic_330/H1-0_VAR_Rg3.88_k0.37_PROTA_WT_25nm
154,0.33,30996.489932514967,True,0.4529575156691175,3.796942052363025,0.2640651299846612,1.3404223734956544,0.6381459698821541,KKRKKAKSKKAKKKKFAKKKAASGPTEEDASAAGSGAPSPVAAPPAKTPAAVSARKKKKKKKKPASTKAVKVAKTPPPRVSKKAKKTKVPAVPKKKKKKKKKKTPLKAA,prota_variant_comb/results/two_chain/ionic_330/H1-0_VAR_Rg3.82_k0.45_PROTA_WT_25nm
155,0.33,9814.5475673292,True,0.2633543335901857,4.209072039339348,0.2564436788468685,1.4591538565422089,0.671931669584534,PAAETKTKKKTVAPKPAAKKKAKPVKKKSVTVAKAKPKRKPKAAGTKSKKKAKKKAKKKKGATKPKRKPKSPAKKAKKAADKKALPRKFPVPVAVAKSSSAEAPSGKSK,prota_variant_comb/results/two_chain/ionic_330/H1-0_VAR_Rg4.24_k0.26_PROTA_WT_25nm
156,0.33,10389.942455425316,True,0.2155886336575027,3.982978866116458,0.2448139950011915,1.3384767124597348,0.6510313184068303,KKKSKAKKGSKVKASKKAKKKAAPTVLPVKKKDKPPATPESPAKAAKGVAKAKFPAKAPAAKAKAVPPKSTGSRPATRKKATEKTKSKAKRPVKSKKKKKAKKVKPAKK,prota_variant_comb/results/two_chain/ionic_330/H1-0_VAR_Rg3.99_k0.22_PROTA_WT_25nm
157,0.33,56684.14534197763,True,0.4912909125235055,3.666280327380025,0.2453507498224592,1.2773912103478018,0.6317920697137593,KKKKKKKKSKPPKKTKKKPAKAKKKPKKKKKPDPTPSSTAPTVPAAAAASAPVFEASEASVSKAVVPKSTKGGRAARTKKAALAPPAAVKRKKKKKKKKKAKKKAAKGV,prota_variant_comb/results/two_chain/ionic_330/H1-0_VAR_Rg3.72_k0.49_PROTA_WT_25nm
158,0.33,5045.2321029465365,True,0.1824298090633026,4.131871417723375,0.2663755404147065,1.3413873883454612,0.665909806061789,KEAVAKASAKKSKKTKSKPAARVKEDVPAPTRVKPFKKPKASKSPVKKAKAAKPAAKKKKSSKKKLKKRTKGKPKGTAKPASKAPKKTAPKKAKAGKPKKVKAKATVPA,prota_variant_comb/results/two_chain/ionic_330/H1-0_VAR_Rg4.15_k0.18_PROTA_WT_25nm
159,0.33,57270.01136915608,True,0.3943128198613118,3.774858254789936,0.2503119069728842,1.3190255481886155,0.6408114377933413,KKAKKKKAKKKKKKKKGKKSARASKPAVPAEAVKPVVASPPPADSEGVTPSKPATASPAKKTAKKTVAAKSAAKAKPSKKTKKKRKKKKKPKPRAKALKVFGKAKTPAK,prota_variant_comb/results/two_chain/ionic_330/H1-0_VAR_Rg3.83_k0.39_PROTA_WT_25nm
160,0.33,17417.771715333427,True,0.3366031147354351,3.9090346851346736,0.2479181829293139,1.2849482706188131,0.6467809928780074,PKKSKAAKKVKKKKAKKKVPLRPKAGVSAGTADARTASAETPVPVPKKPTKAKAEAVAPPAAAPSAKFVKSAPKKRKKKATAKKKKGSKPKKSKKAKKKKSKPKTAKKK,prota_variant_comb/results/two_chain/ionic_330/H1-0_VAR_Rg3.89_k0.34_PROTA_WT_25nm
161,0.33,32148.831099293915,True,0.2971152237806764,3.856202572642424,0.2259788477849619,1.3266567957799218,0.6462067322008292,KKAKKKKKKKAPKKAKPAKKSKKKAKKPKKAASKVASKPAKPLGSKVPAASDETPSVFVKTAVPPKPTRGKRKKKTKATKPAAKSAEPVKRATSKAAKKKKAPGKAAVK,prota_variant_comb/results/two_chain/ionic_330/H1-0_VAR_Rg3.85_k0.30_PROTA_WT_25nm
162,0.33,30992.78286072603,True,0.3204966386279625,3.9413626652854754,0.2675134592154586,1.4851320225956337,0.6507755325469294,PKAKKAKSKVRKLPFAAKVKTAAVSAEEDGVAGAPSPAKASKATSPAATKAKPVTKTKRKKSPKAKPAKAKAKSAKKPVTKKKKKKRKKKKPVKKGPKKAKKKKAPSPK,prota_variant_comb/results/two_chain/ionic_330/H1-0_VAR_Rg3.95_k0.32_PROTA_WT_25nm
163,0.33,1655876.3501943378,True,0.1790011660086344,4.242750263327876,0.2565135290174787,1.3414969774596848,0.6693009950444309,VPAEASAKSPRKAKAAATKKSAKAGTTLPPPAKKAKAATRKKAVRVSGKPSKPKKKPKKAPATKKSKKAKKAAVKVKAPAKKKKVPKKVKGAKPKFPKTKKSEKKDKSK,prota_variant_comb/results/two_chain/ionic_330/H1-0_VAR_Rg4.24_k0.18_PROTA_WT_25nm
164,0.33,7329.408143740106,True,0.2638579132317071,4.040760608522759,0.2680995679220033,1.3393379652972777,0.6562988862981443,EAAKKKTSKKAPPPKKPKAKAVKVPKKARTFKSSGAKKPKAKSDPAVEAAKTASVAPASPKSVKTKKPAKAKKGRKKKAKPKTATPKKGKSALVKKKKRKKKVPKAKAA,prota_variant_comb/results/two_chain/ionic_330/H1-0_VAR_Rg4.02_k0.26_PROTA_WT_25nm
165,0.33,22613.76650205235,True,0.3624933325297959,3.694182661814135,0.2423059568360618,1.1211656564236243,0.635551767928079,VKAAAKKKAAAVKKKKKKPPGKRKKAAPKTAKKVPKPKSKAPATTLSVAKAPASPTPAATSFSPEEAVDTGAKPPASKKKKVKKSRKKKKKGAKKKKKAKPKSAKRKVK,prota_variant_comb/results/two_chain/ionic_330/H1-0_VAR_Rg3.72_k0.36_PROTA_WT_25nm
166,0.33,3210.327117672334,True,0.2075577437106209,4.122358555929319,0.2576307819061828,1.335747590003322,0.6631124433941549,KGKVAKPSAEKAKAAKSKKAKRVKKDVAAPTRVKPFKKPKAEKSPVKKKKASKPASKAKKSSKKALKKRTASAPKGTAAPAKKAPAKTKPGKAKATKPKKTKKKKPVPV,prota_variant_comb/results/two_chain/ionic_330/H1-0_VAR_Rg4.15_k0.21_PROTA_WT_25nm
167,0.33,4324.305488705079,True,0.2011728452916868,4.029437205536328,0.2543105068991706,1.3467535744295225,0.6575847901467884,FAGKKAAKAKKLPPKKPTPKARKVPSAARTKKSVKKSKPKAKADPAVEVAKAASSAPKKPKKVKTAKPAKEKRKTKSKAAPSTAKPTKVKSKAKKGKKKKKGVPKAKKA,prota_variant_comb/results/two_chain/ionic_330/H1-0_VAR_Rg4.03_k0.20_PROTA_WT_25nm
168,0.33,9625.921703821705,True,0.3400539684504622,3.817468131390103,0.2636859030677121,1.2560997328820078,0.6420242302759189,KKPPTKPAKVGKKKAKKKKPKKKASPGSAAVKKKAKKKSAAASDPAVEEAGKPSVPTAATPAKSKARKKKPKTKSAAFSRATTRVPVKLKKAAPKKKKPKKAKKKKKAV,prota_variant_comb/results/two_chain/ionic_330/H1-0_VAR_Rg3.83_k0.34_PROTA_WT_25nm
169,0.33,18358.873740382664,True,0.2828357934199964,3.931399759064506,0.270622489367022,1.3292282174694392,0.6487564659492643,KAKAKKKKKAKKKKAKARKVLKTKPAGPKSASTEAFVRKKSAVTPRPSGKVPKKKGKAASVAPAKPPVTSTKPKKDPAAEKASKTAKPAKKKVAAAKKKKSKPKPKKKA,prota_variant_comb/results/two_chain/ionic_330/H1-0_VAR_Rg3.94_k0.28_PROTA_WT_25nm
170,0.34,9151.892925143444,True,0.2882613795873807,3.887188631359778,0.2591120069065386,1.3007461949275552,0.6456212852899533,SKKKAAKAKAKAKPKLKKKKPKKSGVEEPDAAGFTVGTPPKKKPKVAAKTTASVKRPPRKKAKSKAAAAVASKPPPKTATAKAKKKKPKASPSARSKVKKKKVKKAKKK,prota_variant_comb/results/two_chain/ionic_340/H1-0_VAR_Rg3.89_k0.29_PROTA_WT_25nm
171,0.34,34113.928367254186,True,0.2817604610429568,4.0043609171732255,0.2710277702689725,1.4335678953694426,0.6542028960347455,KKKAKKKKKAKKKKAKKRVALKTTPAGPKSVATEAFPRKSSAVKKRVTGVVAKKKKPAASVPPAKPPKTTPKKSPKAPSEKAKKSAKKAKKGKPAAKKAKSAPAAKKDK,prota_variant_comb/results/two_chain/ionic_340/H1-0_VAR_Rg3.98_k0.28_PROTA_WT_25nm
172,0.34,15486.452571463307,True,0.2558199757512331,3.869399846818837,0.2654232995134538,1.2169228048205256,0.644961589696099,KKVKKKKKPKPPKPARKPPKKVKSAAVGSASAGKTASKTTKEKKAKAPAARASTDESFTLAAVVKKKPKGKRKKKPPKTKKPASSKPKAAAKAKKAKAKAVAPKVKKKK,prota_variant_comb/results/two_chain/ionic_340/H1-0_VAR_Rg3.87_k0.26_PROTA_WT_25nm
173,0.34,105651.08252811866,True,0.6192097829450705,3.421326892089944,0.2216061946311507,1.1296788946491834,0.6153039033383657,KKVKKKKKKKTKKKKRKRVKKKKKSKGKKKKKAAPAPASTAPPGPAPTPSEDEVAATPAGAVTLPAAPVSAAASFPAAPASAKAKKRPKKKKKVKKSKSVTKKAKKKKA,prota_variant_comb/results/two_chain/ionic_340/H1-0_VAR_Rg3.43_k0.62_PROTA_WT_25nm
174,0.34,95078.8592184694,True,0.5786168355613107,3.4362918818948223,0.2342370348683231,1.181999704951666,0.6167708936622269,KKKKKAKRKKKKKKAKKKKKKAKKAKKKGPKVAAPAAGSSPATPPASAFTEDEAVSTVSAAPPPATATVPVPAKKSAKGAPAKVRKPVLAASKKKKSTRKKKKKKKKKP,prota_variant_comb/results/two_chain/ionic_340/H1-0_VAR_Rg3.46_k0.58_PROTA_WT_25nm
175,0.34,55038.10141844442,True,0.4711934578903775,3.69916012335063,0.2465238472838278,1.1908987958313009,0.6346861115172352,KKKAKKTAKPKKVKKPAKKKKKKKKKKKKAKKSVATAVPDEAVAVVEPAAPLAAGGFAATPGSSPKPSASKTPSAKKPTKAKRKKKKKRSAKPPAKPTKKRKKAAKSVA,prota_variant_comb/results/two_chain/ionic_340/H1-0_VAR_Rg3.65_k0.47_PROTA_WT_25nm
176,0.34,16620.287753555454,True,0.2506232377358269,3.8710438405143,0.2683667656537626,1.3679144288809952,0.6435336815107005,KKKKKAKAKAKKSVFKKKKRTKKVSVEEPDAAGKTSPKKGVKKPKPAAKTTAPVRKPPRKKSPGAAAAAAKASAPASTVKKAAKKKTPLAKPKKKSPVKSKKAKKPAKK,prota_variant_comb/results/two_chain/ionic_340/H1-0_VAR_Rg3.92_k0.25_PROTA_WT_25nm
177,0.34,46164.7975428233,True,0.3758566415587871,3.808795807061293,0.2599528047503578,1.4360698094699342,0.6403045362824009,KKPVKAAKKKKKKKKKAKKKKKKRPSASAVEPEPSTVVPAAPDPTSAVLFKKAKTKKASAATPKKGATAGSKAKVAPPVPKGKAKPKSKRKAKAKKKTSARAAKKPKKK,prota_variant_comb/results/two_chain/ionic_340/H1-0_VAR_Rg3.76_k0.38_PROTA_WT_25nm
178,0.34,45232.42724706893,True,0.4207916678964434,3.6521037952120414,0.2317182691538243,1.2079432608097098,0.6354971752359679,KKKKKAKLASKAAKKKTRKKKRAKKKKKKKKVKPVTAVPAAPSKAPTPPTEDEVTAAASGVTAPAPVVAPKKKAPKKPAKKKKFKKGSAKRKKPPAKKSKSSAKAGASK,prota_variant_comb/results/two_chain/ionic_340/H1-0_VAR_Rg3.62_k0.42_PROTA_WT_25nm
179,0.34,11974.006548978228,True,0.2664132231988578,4.214219559260203,0.2573458984419428,1.3926865903300587,0.6682201044729685,PRAVKVPPSAKSEKKPSKAKRAKKKPKTDKAKKAPFAATVAARPSSKKAALTKKKAKKKKKPKKSAAAKKKKAKGPKKPPASKGPKKEKSKVAAPGTATKTKKKAVVVK,prota_variant_comb/results/two_chain/ionic_340/H1-0_VAR_Rg4.18_k0.27_PROTA_WT_25nm
180,0.34,66330.92652816873,True,0.5403016699314778,3.7301173875985607,0.2685697278185132,1.3583941733650997,0.6343141586045482,KKKKKKKKSKPPKKTKKKKPGKKKPRKKKKKKKAKASASATPVGAAAATTRPVFEAVEATVAAPPAAASSRAKDKAATPPAPLGVKVAVPSSPKKKSKKKKKKKAKAKK,prota_variant_comb/results/two_chain/ionic_340/H1-0_VAR_Rg3.72_k0.54_PROTA_WT_25nm
181,0.34,54635.48049153506,True,0.5034957700224681,3.496035139475571,0.2024802537552349,1.0651821540710351,0.621167780780881,KSKKGKKPKKKAKVKAKAKKKKKKKKKKKKRRSAKSTSAAAAVVASSATEPDEGAVAAPTPAFAPPPAAVPPTSAAKPTVKAKKGKTKKKPKKLPRKPKKKKAVSAKKK,prota_variant_comb/results/two_chain/ionic_340/H1-0_VAR_Rg3.51_k0.50_PROTA_WT_25nm
182,0.34,16261.310448990864,True,0.3285366831836917,4.253765198179362,0.2793816550076511,1.4781094396531225,0.6725086271795316,PPAEAKSKSTVAAPVAATKKKAAPGATLPVAAVKSKSKTRKKAARVKGKASKPKKKKKKKPATKVKKKKKKPAAKAKAPAAKKKSPFKRKGPKKKKPSTKAPEKKDKSV,prota_variant_comb/results/two_chain/ionic_340/H1-0_VAR_Rg4.27_k0.33_PROTA_WT_25nm
183,0.34,39900.68044728464,True,0.4198943620813468,3.84887963597956,0.2449822026497939,1.2832177219741523,0.6420724372261782,KKVKSKPKKKKAKKAKKKKKAAKKTKVKKDKAKAAPKKLRPPKAAPGTEAAAGKSAAPAFPPVPAPAAPTASESKKAVVVSSSTTPSKKKRKKRKAKKKKGKVKKATPK,prota_variant_comb/results/two_chain/ionic_340/H1-0_VAR_Rg3.87_k0.42_PROTA_WT_25nm
184,0.34,8483.85918532288,True,0.2326547778438097,4.276009721401059,0.27412261600001,1.5292863423300165,0.6715252317860078,PVPFRTVPETSAKKKATEKKPPTAKKKLAKKTAGKKKAKKKVKKAKAAPKKKSAASVTKAKPKKVASAKPKKPKKPAKKRAAKAGPASAKKASKKKSKPAVDKGSVKPR,prota_variant_comb/results/two_chain/ionic_340/H1-0_VAR_Rg4.26_k0.23_PROTA_WT_25nm
185,0.34,5309.24071312758,True,0.1726299094038263,4.193066821329064,0.2749232994060163,1.434377582408336,0.6627527237368064,KVERKVKKKAKDKGVPPLKKPKAKKVTAKSRRGKKAAAKKKVVKKAAAKKAPAKAAKAKSSKKSAKASAPGKPSTKTEKTATPSKKAAKKASAKPPPFKKKPKKVPPTK,prota_variant_comb/results/two_chain/ionic_340/H1-0_VAR_Rg4.20_k0.17_PROTA_WT_25nm
186,0.34,40668.93641260358,True,0.3748270546526522,3.8521984324738106,0.2369118392027767,1.294599776023023,0.6442860293348294,KKAKKKKAKKKKKKKKGSKSARKSKAAVPAEAVKPVAASPPPPDKEGPTASAAATASPAKKTAVATRLKKSPKKKKPSKKTPAKVKKKKKPKPRAKAVKVFGKAKTKAK,prota_variant_comb/results/two_chain/ionic_340/H1-0_VAR_Rg3.88_k0.37_PROTA_WT_25nm
187,0.34,41528.50822674395,True,0.333045813515479,3.910570222104038,0.2419715629228527,1.186592121835045,0.6475592622933863,KKKKKKAKKKKKTKAKKKKPLAATPAKPKSVAKEVAKGASRSAKFSVTGAPRKVKKPRKSVKKAPPKSAAPAPKADAPSEPAKASAKKTKKVAPAKKKTKKAKKTKPGV,prota_variant_comb/results/two_chain/ionic_340/H1-0_VAR_Rg3.92_k0.33_PROTA_WT_25nm
188,0.34,10137.411303117462,True,0.2737503398024687,3.814292096969865,0.2424854187899599,1.2617403503739766,0.6440172572673893,KAKGKKKGKTAKKVKKAAAAKKLPSKAPRPAAAPVAKKPKKKRSSKVPAAADEEPVTFKPSAAAKVPTSKKVKKRKAKKKPKAPPATSVKKTKKKSKTKKSAPGAKKKK,prota_variant_comb/results/two_chain/ionic_340/H1-0_VAR_Rg3.81_k0.27_PROTA_WT_25nm
189,0.34,11605.65246030598,True,0.3267236935862954,3.811015274050799,0.2447286877784391,1.244709023304136,0.6415843796051638,PKPPTKPAKSGVKKVKKKKPKKKAPKGSAAVKKKAKKKSAAASDPAVEEAGASSVPTAATPKKSKARKKKPKTKSAAFARATTRVPVKLKKAAPKKKKPKKAKKKKKAK,prota_variant_comb/results/two_chain/ionic_340/H1-0_VAR_Rg3.79_k0.33_PROTA_WT_25nm
190,0.34,7464.828196942058,True,0.2116057268177728,4.182652873619235,0.2730670216496471,1.432149280482074,0.6665574223560101,PEKRKSTSAPSSKGATPLPVTPAKKAKVKSTAKKAFSKVKRKKAKKPAKKAVKPAAKAKKSPKVKKAKADGKKPKVTTRGAVPAKKEKAKKKAKAPPAKKKSAKKPKKA,prota_variant_comb/results/two_chain/ionic_340/H1-0_VAR_Rg4.19_k0.21_PROTA_WT_25nm
191,0.34,12041.646143305752,True,0.2633543335901857,4.209072039339348,0.2564436788468685,1.4591538565422089,0.671931669584534,PAAETKTKKKTVAPKPAAKKKAKPVKKKSVTVAKAKPKRKPKAAGTKSKKKAKKKAKKKKGATKPKRKPKSPAKKAKKAADKKALPRKFPVPVAVAKSSSAEAPSGKSK,prota_variant_comb/results/two_chain/ionic_340/H1-0_VAR_Rg4.24_k0.26_PROTA_WT_25nm
192,0.34,13526.248042140063,True,0.2155886336575027,3.982978866116458,0.2448139950011915,1.3384767124597348,0.6510313184068303,KKKSKAKKGSKVKASKKAKKKAAPTVLPVKKKDKPPATPESPAKAAKGVAKAKFPAKAPAAKAKAVPPKSTGSRPATRKKATEKTKSKAKRPVKSKKKKKAKKVKPAKK,prota_variant_comb/results/two_chain/ionic_340/H1-0_VAR_Rg3.99_k0.22_PROTA_WT_25nm
193,0.34,60758.17084277283,True,0.3726575336784909,3.915828813874964,0.2796501963745088,1.3087661855861523,0.6471514026264336,KKKKKKKKKKKKKKAAKRVALKTTAAKPKSVASEAFKRKSSAGAKPVTGAPRKKKPPKKTVVPAPPASATPKKKADAPSEPAKKSAKKAKKVKPAKKKTKAAPSAVKGK,prota_variant_comb/results/two_chain/ionic_340/H1-0_VAR_Rg3.96_k0.37_PROTA_WT_25nm
194,0.34,14972.74456687384,True,0.3049514675891889,4.041448840817492,0.2649258713374455,1.30719731239252,0.6560264652681881,KGKVKKPSKKKASKPASKTTKRVVKDAAKVTATRGFAKEKSPPVPVKPEKAAGKKAKPLKSSKKAAKKKKASPRKKSAAAAAKPPAAAKTPKAPPKKKKKKKKKKTKAV,prota_variant_comb/results/two_chain/ionic_340/H1-0_VAR_Rg4.05_k0.30_PROTA_WT_25nm
195,0.34,31909.734587171413,True,0.4529575156691175,3.796942052363025,0.2640651299846612,1.3404223734956544,0.6381459698821541,KKRKKAKSKKAKKKKFAKKKAASGPTEEDASAAGSGAPSPVAAPPAKTPAAVSARKKKKKKKKPASTKAVKVAKTPPPRVSKKAKKTKVPAVPKKKKKKKKKKTPLKAA,prota_variant_comb/results/two_chain/ionic_340/H1-0_VAR_Rg3.82_k0.45_PROTA_WT_25nm
196,0.34,51050.99374833667,True,0.4840183070127905,3.5896473514167164,0.2204271558586552,1.149579484797002,0.6269932908988931,KKKKKASLASKKRKKKKKKVKAAKKKKKRKKVSPPTPVAVAPPKGATPPTEDEVTAAPSGATAPTAVSVPAKKPKKKAAKAARFPSPGAKKKAAAKKKSSKKKKKKAKK,prota_variant_comb/results/two_chain/ionic_340/H1-0_VAR_Rg3.60_k0.48_PROTA_WT_25nm
197,0.34,78425.79700175526,True,0.5437108406465243,3.6181783374885343,0.2347993177511575,1.1762371302104833,0.6309466273237847,AAKVKAKAKKKKRKKRKKKKKKKKKTAKKKKKKVATAVPDEVVAVSEPAVPLPSGGFASTPGTSAAAPPAKSPAAKKATKAKRKKKKKPSAKAPKPPPKSKKKTAKKSA,prota_variant_comb/results/two_chain/ionic_340/H1-0_VAR_Rg3.63_k0.54_PROTA_WT_25nm
198,0.34,21765.440099384283,True,0.4054681313007746,3.746531003120204,0.2489672618319498,1.3913950159757011,0.6428705873704466,VAAKAKKAAAKVKKKKKKPPGKRKKAAKKRKKKVKKKPSKAPSTSLSAAPATVPPPPAATVFSPEEVTDTGAKPAKVKKKASKKSRAKKAKGKKKKKKATPKSKPKAKA,prota_variant_comb/results/two_chain/ionic_340/H1-0_VAR_Rg3.68_k0.41_PROTA_WT_25nm
199,0.34,6291.127484291288,True,0.1899507478806522,4.070172957401869,0.2326415178483649,1.295756774057059,0.6605462998010216,KSAKPKASAKKATKKKSKPAVRKKEPAPKPTRVKVFGKPVASAEPVKKAKAAKPKAKKAVSSKKALKKRTKKKPKGTAKPASKKDAATAPKKSKAGKPKKVKKKATKPA,prota_variant_comb/results/two_chain/ionic_340/H1-0_VAR_Rg4.09_k0.19_PROTA_WT_25nm
200,0.34,10416.360615863148,True,0.2232587145796646,3.91705699961572,0.2303732790752002,1.267707077021882,0.650072439293078,KKAKKKKKGAAKAPKPAPKRGKVKAAFPKSKSKAKSKKVVSVKVAPPTSTAEDKTKKAKTKKSVKKPRAKAAVTPAEAPAKLAKPPKKPARKTSAKASKKKPKKKAGKK,prota_variant_comb/results/two_chain/ionic_340/H1-0_VAR_Rg3.94_k0.22_PROTA_WT_25nm
201,0.34,14043.609901034211,True,0.3352456402076068,4.031956227756439,0.2504182619976536,1.4101028656847931,0.6552997302130775,KGKKKKPSKKKKAKPASKKTSKVVKDPKAVKATRSFAKEKSPPVPVKPEKAAGATAKSLKAKRKAAKKKKAGARKKSAKSAATPPAAAATPKTKVKKKKKKKPKVAKPP,prota_variant_comb/results/two_chain/ionic_340/H1-0_VAR_Rg3.99_k0.34_PROTA_WT_25nm
202,0.34,12314.230575745189,True,0.2452778822442065,4.017494276227287,0.2517450423772919,1.2099909108705185,0.6558575482772413,VKKVEKAASKKKKKKKKKKDARKKEKTPPAKVAAAFPASTKAAPVSAKKPKAAAKTKKPKSRSATSRPKTLAKPKPSAKVKKKAGAKTAGKASKVVKPKGKAKPKKKPP,prota_variant_comb/results/two_chain/ionic_340/H1-0_VAR_Rg4.07_k0.25_PROTA_WT_25nm
203,0.34,11931.68660703548,True,0.2523711896159454,3.96425850678974,0.2541505512986396,1.3488939985532062,0.6515884233722313,KKPKGAKKTPAKKKPKKKKDKKVVLKVAKKPKKKKPTAAPAPPGKSKTSTTVEAAAAPSKEKSAKKRKVKPAAAFPSASKSKAKVATKKAKKPAKKKVRAKGAAKPRKS,prota_variant_comb/results/two_chain/ionic_340/H1-0_VAR_Rg3.97_k0.25_PROTA_WT_25nm
204,0.34,39142.70063837109,True,0.4233994407233951,3.6960482469706624,0.229662379566366,1.2580856188553935,0.6358311594993759,KAKKKKKKSKKRKKPKKSAAGKAKAPTKKRKKKLVKKKSKAPAGVAPAAPATVPSPAAAKVDFPEEVTATGPARPSVKTKKAKKKKSPSTAVKKKKPKSKKKPAAKAKA,prota_variant_comb/results/two_chain/ionic_340/H1-0_VAR_Rg3.74_k0.42_PROTA_WT_25nm
205,0.34,60451.926563239176,True,0.4912909125235055,3.666280327380025,0.2453507498224592,1.2773912103478018,0.6317920697137593,KKKKKKKKSKPPKKTKKKPAKAKKKPKKKKKPDPTPSSTAPTVPAAAAASAPVFEASEASVSKAVVPKSTKGGRAARTKKAALAPPAAVKRKKKKKKKKKAKKKAAKGV,prota_variant_comb/results/two_chain/ionic_340/H1-0_VAR_Rg3.72_k0.49_PROTA_WT_25nm
206,0.34,6751.136066039048,True,0.1824298090633026,4.131871417723375,0.2663755404147065,1.3413873883454612,0.665909806061789,KEAVAKASAKKSKKTKSKPAARVKEDVPAPTRVKPFKKPKASKSPVKKAKAAKPAAKKKKSSKKKLKKRTKGKPKGTAKPASKAPKKTAPKKAKAGKPKKVKAKATVPA,prota_variant_comb/results/two_chain/ionic_340/H1-0_VAR_Rg4.15_k0.18_PROTA_WT_25nm
207,0.34,55744.389463156505,True,0.3943128198613118,3.774858254789936,0.2503119069728842,1.3190255481886155,0.6408114377933413,KKAKKKKAKKKKKKKKGKKSARASKPAVPAEAVKPVVASPPPADSEGVTPSKPATASPAKKTAKKTVAAKSAAKAKPSKKTKKKRKKKKKPKPRAKALKVFGKAKTPAK,prota_variant_comb/results/two_chain/ionic_340/H1-0_VAR_Rg3.83_k0.39_PROTA_WT_25nm
208,0.34,20061.352976523587,True,0.3366031147354351,3.9090346851346736,0.2479181829293139,1.2849482706188131,0.6467809928780074,PKKSKAAKKVKKKKAKKKVPLRPKAGVSAGTADARTASAETPVPVPKKPTKAKAEAVAPPAAAPSAKFVKSAPKKRKKKATAKKKKGSKPKKSKKAKKKKSKPKTAKKK,prota_variant_comb/results/two_chain/ionic_340/H1-0_VAR_Rg3.89_k0.34_PROTA_WT_25nm
209,0.34,6290.816005427337,True,0.2189766483264902,4.21932421259533,0.2662879297874043,1.3440041648390182,0.667688525403684,GPTFEPPKKSPPKERAKKKAAAKAGSAPVKKAKKGKSSAKPKPKAKKAPKPAVKAKAASKAAKKKKATTSPKKKAKAKKKSKSVVPARKKLKKKTRVTTKDKAVKKVPA,prota_variant_comb/results/two_chain/ionic_340/H1-0_VAR_Rg4.23_k0.22_PROTA_WT_25nm
210,0.34,33786.68860647502,True,0.2971152237806764,3.856202572642424,0.2259788477849619,1.3266567957799218,0.6462067322008292,KKAKKKKKKKAPKKAKPAKKSKKKAKKPKKAASKVASKPAKPLGSKVPAASDETPSVFVKTAVPPKPTRGKRKKKTKATKPAAKSAEPVKRATSKAAKKKKAPGKAAVK,prota_variant_comb/results/two_chain/ionic_340/H1-0_VAR_Rg3.85_k0.30_PROTA_WT_25nm
211,0.34,35950.93583439969,True,0.3204966386279625,3.9413626652854754,0.2675134592154586,1.4851320225956337,0.6507755325469294,PKAKKAKSKVRKLPFAAKVKTAAVSAEEDGVAGAPSPAKASKATSPAATKAKPVTKTKRKKSPKAKPAKAKAKSAKKPVTKKKKKKRKKKKPVKKGPKKAKKKKAPSPK,prota_variant_comb/results/two_chain/ionic_340/H1-0_VAR_Rg3.95_k0.32_PROTA_WT_25nm
212,0.34,84471.20452372392,True,0.4490018336345311,3.5839937504012185,0.2453354541877896,1.3612002331937572,0.6282182126686636,KKKKKKKKKKKKVAKRKRKKKAKKSKLKAKKKSAPSPAATKPPGVVPSPTEDEVTAGPAGPATASAVPVAAKAPKPAATKASKKKTFRKSAKKAAKKKSPVKKAKKPKA,prota_variant_comb/results/two_chain/ionic_340/H1-0_VAR_Rg3.57_k0.45_PROTA_WT_25nm
213,0.34,6702.979432271281,True,0.1790011660086344,4.242750263327876,0.2565135290174787,1.3414969774596848,0.6693009950444309,VPAEASAKSPRKAKAAATKKSAKAGTTLPPPAKKAKAATRKKAVRVSGKPSKPKKKPKKAPATKKSKKAKKAAVKVKAPAKKKKVPKKVKGAKPKFPKTKKSEKKDKSK,prota_variant_comb/results/two_chain/ionic_340/H1-0_VAR_Rg4.24_k0.18_PROTA_WT_25nm
214,0.34,9619.97823114118,True,0.2638579132317071,4.040760608522759,0.2680995679220033,1.3393379652972777,0.6562988862981443,EAAKKKTSKKAPPPKKPKAKAVKVPKKARTFKSSGAKKPKAKSDPAVEAAKTASVAPASPKSVKTKKPAKAKKGRKKKAKPKTATPKKGKSALVKKKKRKKKVPKAKAA,prota_variant_comb/results/two_chain/ionic_340/H1-0_VAR_Rg4.02_k0.26_PROTA_WT_25nm
215,0.34,26075.226138741644,True,0.3624933325297959,3.694182661814135,0.2423059568360618,1.1211656564236243,0.635551767928079,VKAAAKKKAAAVKKKKKKPPGKRKKAAPKTAKKVPKPKSKAPATTLSVAKAPASPTPAATSFSPEEAVDTGAKPPASKKKKVKKSRKKKKKGAKKKKKAKPKSAKRKVK,prota_variant_comb/results/two_chain/ionic_340/H1-0_VAR_Rg3.72_k0.36_PROTA_WT_25nm
216,0.34,4699.91957529415,True,0.2075577437106209,4.122358555929319,0.2576307819061828,1.335747590003322,0.6631124433941549,KGKVAKPSAEKAKAAKSKKAKRVKKDVAAPTRVKPFKKPKAEKSPVKKKKASKPASKAKKSSKKALKKRTASAPKGTAAPAKKAPAKTKPGKAKATKPKKTKKKKPVPV,prota_variant_comb/results/two_chain/ionic_340/H1-0_VAR_Rg4.15_k0.21_PROTA_WT_25nm
217,0.34,6597.800183182239,True,0.2011728452916868,4.029437205536328,0.2543105068991706,1.3467535744295225,0.6575847901467884,FAGKKAAKAKKLPPKKPTPKARKVPSAARTKKSVKKSKPKAKADPAVEVAKAASSAPKKPKKVKTAKPAKEKRKTKSKAAPSTAKPTKVKSKAKKGKKKKKGVPKAKKA,prota_variant_comb/results/two_chain/ionic_340/H1-0_VAR_Rg4.03_k0.20_PROTA_WT_25nm
218,0.34,12180.829497323888,True,0.3400539684504622,3.817468131390103,0.2636859030677121,1.2560997328820078,0.6420242302759189,KKPPTKPAKVGKKKAKKKKPKKKASPGSAAVKKKAKKKSAAASDPAVEEAGKPSVPTAATPAKSKARKKKPKTKSAAFSRATTRVPVKLKKAAPKKKKPKKAKKKKKAV,prota_variant_comb/results/two_chain/ionic_340/H1-0_VAR_Rg3.83_k0.34_PROTA_WT_25nm
219,0.34,21999.164973180923,True,0.2828357934199964,3.931399759064506,0.270622489367022,1.3292282174694392,0.6487564659492643,KAKAKKKKKAKKKKAKARKVLKTKPAGPKSASTEAFVRKKSAVTPRPSGKVPKKKGKAASVAPAKPPVTSTKPKKDPAAEKASKTAKPAKKKVAAAKKKKSKPKPKKKA,prota_variant_comb/results/two_chain/ionic_340/H1-0_VAR_Rg3.94_k0.28_PROTA_WT_25nm
220,0.29,641.2868366053532,True,0.1447861742888783,4.134445320871036,0.2750229953852053,1.3946781863322362,0.6606624248019178,AKAKPPKKEKAKRAGTKVASKAKPPKAKPKASGPKSPKVAKAKKATKTGASDVKVSAPKKPTKKATARAKSTVKAKKEKKPSVPKAKKALARKVPAKKKKKKFKSAKKP,prota_variant_k/results/two_chain/ionic_290/H1-0_VAR_k0.14_PROTA_WT_25nm
221,0.29,5334.667800106144,True,0.3643785580072362,4.099035473530199,0.2332191395751581,1.3312379795282696,0.6601685285617824,SKKKVKKKVKPAAAKKPKAKVKASKKKKKAATAGGKRKKASKAKKRKRKKAAKEPKATKVSSAPSKPVKPSAAVAAAPPAPEKTFPKKPKKDATKKKKKGPAPSTKTLV,prota_variant_k/results/two_chain/ionic_290/H1-0_VAR_k0.36_PROTA_WT_25nm
222,0.29,56661.735205903016,True,0.4006609558858023,4.033454563879736,0.2939609632238676,1.3404065144037818,0.6578378394866321,PKSAKVVKVVARPKKTKPKKKKKKKKKKKKKKRKSSPKSSDAAVAATPKAKKSKRKTKAKAPKAEAPVAAPAEKTGFKTPKAPAAKAKSKALKPKAKKGSTAKVAKGPP,prota_variant_k/results/two_chain/ionic_290/H1-0_VAR_k0.40_PROTA_WT_25nm
223,0.29,672.2656859391627,True,0.2690985309225486,4.113715740299963,0.2625803496016766,1.2831728169850842,0.662638794964114,PRPKTVKGAPSKTAPPPKPPAKKKLKKASTKKAKPGKKKPPKEEKAVAATARKKPKAKKAPFKKKKRSASAAKKGKKKVASVVAAKTKAVASKVKKSADAASKKKKKKT,prota_variant_k/results/two_chain/ionic_290/H1-0_VAR_k0.27_PROTA_WT_25nm
224,0.29,273.7366789606729,True,0.1083125441130546,4.161814374716789,0.2839719477760189,1.3149383112095514,0.6663715561515621,PAKAAKPSAKKVPSAGKKKAPPSKKAPAKAKKTPATRKGVSKAKKAKSPAAKRKGKPAKTDKKFKEKAKKPVKKAARAAVLPKVKSKEKKSVKAKKSTPPKAKTTKKVK,prota_variant_k/results/two_chain/ionic_290/H1-0_VAR_k0.11_PROTA_WT_25nm
225,0.29,49667.1626961219,False,0.5967789600335971,4.118010323982535,0.283391878178837,1.4291559140801608,0.6680596704499415,TGRTVPPKPKKKKKKAKLATAGSTKESKSPPVAPKKKPATAKKRAAKAAKPKKKKKKKKKKKKKKKKKKRAKKKKSVAVATAAAASAPPFPPSSVKKDVEKAAAPASVG,prota_variant_k/results/two_chain/ionic_290/H1-0_VAR_k0.60_PROTA_WT_25nm
226,0.29,74563.79675751227,False,0.5529749458215214,4.12526026054548,0.2701673558653765,1.505837889583331,0.6673307851394642,GKKTPPKKPKKKKKKASLAPAASPKPSKSPEVAKKRKPTAAKPRAAKAAKGKKKKKKKKKKKKKKVRKKKAKKKKSVTSPAAFVAAAVASPVSTAKKDVEKAAPTAPTG,prota_variant_k/results/two_chain/ionic_290/H1-0_VAR_k0.55_PROTA_WT_25nm
227,0.29,2126980.297853288,True,0.4985852957144855,3.975655533347548,0.2372711534410365,1.4318575734290515,0.6587168154719487,TKARGAPKKKKGKLSAKKKKKKVKKPAAAAKRKKKKKKKKKSKGAPSAAKEFSKKKRKKKKPKAKKAVPAASDPKKAPAASTAPTPSTPAVPVKTKVAKAPVAKVETSP,prota_variant_k/results/two_chain/ionic_290/H1-0_VAR_k0.50_PROTA_WT_25nm
228,0.29,1624934.999303856,False,0.7947961588340607,3.936675095528986,0.2613724440041703,1.4261533183617576,0.651424800623779,TAAKKKKKKKKKKRKKKKKKKKKKRKKKKKKRKKKKKKKPKGSKAVVPSSPEPSAKPASAAPPTVAPVAGAAAPAAKEVAPSTPSPKTVVKDLAKFPATAAAASAGKKT,prota_variant_k/results/two_chain/ionic_290/H1-0_VAR_k0.79_PROTA_WT_25nm
229,0.29,3193318.691812371,False,0.6956329823364041,3.9495727829291942,0.264124024446329,1.399820564489055,0.6521720738196464,AVAKTKKKERKKKKKKKKRKKKKKKKKKKKKKKKKKKKKKKSASTVTPTVSSAPPGPAKVAESAAKAPSGLSPAVKKPKDGPAASAAKTPRKPPAKAAVFAVPAAPATA,prota_variant_k/results/two_chain/ionic_290/H1-0_VAR_k0.70_PROTA_WT_25nm
230,0.29,6325602.618849951,False,0.8952570298777454,3.95572270468862,0.2587498048708948,1.4655810553097046,0.6579303718561944,SRSAETAPTSKKKKKKKKKKKKKKRKKKKKKKKKRKKKKKKKKKKKKKKVKAKTADAKAPAVKEKPTAAPPVPTPPGGAVASPATASVSVPVAAPAPALGPAAASAASF,prota_variant_k/results/two_chain/ionic_290/H1-0_VAR_k0.90_PROTA_WT_25nm
231,0.29,194992.87104645625,False,0.8431041376585928,3.8214550635808298,0.2713974786093601,1.5074543902152855,0.6449404858085749,VVPAAAAGAPTVSAAASTKKKKKRKVKKKKRKKKKKKKVPTAASSPASAAKPSVAATPPATPKKKKKKKKKKKKKKKKKKRKKKKKSAKETGFSAPPAAGPALVAPPED,prota_variant_k/results/two_chain/ionic_290/H1-0_VAR_k0.84_PROTA_WT_25nm
232,0.29,629.8115861224557,True,0.2007783165503265,4.1936486525207535,0.2695413291971451,1.3608028756305468,0.6666219919477434,KPSAPKKKKVPAKTALGEKKKDGAAKPKVPKSKAGKAVAAEKRKRKSFPATKSKKKKAKTAAKKPKTAKKAKKTAKSVSAPAVKKKAAKPTAKPKRVAKSPPKKVKSPK,prota_variant_k/results/two_chain/ionic_290/H1-0_VAR_k0.20_PROTA_WT_25nm
233,0.29,2516375.091720647,False,0.7465513084967733,3.92684201232096,0.2517898139641616,1.3838194258619647,0.6487662764281679,KPPKKKRKKKSKKKKKKKKKKKKKKKKRKKKKKKKRKPKKTSGVASAKAATKAKEVKTASPAGVTPSFGPAPAVAAAPPVPPAASVAAATATASSKAVKEPDKAKAPKL,prota_variant_k/results/two_chain/ionic_290/H1-0_VAR_k0.75_PROTA_WT_25nm
234,0.29,1433.1881194592756,True,0.3011469676658223,4.027432884300266,0.2413651047192529,1.2860734156517517,0.6569377403815917,AAVPKRAPPLPKPKKKKKKFPKGKTKAAPKKKAAKADAKGKTPATAVVASPVPSTGSTSKKKSTKAKKVKASKKKKKKEPSPKERKKAAAAKKKAKAVKKKRAVKSAKP,prota_variant_k/results/two_chain/ionic_290/H1-0_VAR_k0.30_PROTA_WT_25nm
235,0.29,1345551.3869187084,False,0.9346926588641222,3.9787337909351215,0.2984101324489439,1.5816479079638572,0.6553330607972528,EDSAKKKKKKKRKKKKKKKKKKKKKAKKKKKKKKKKKKKRKKKKKKRKASTPTAASSSPTPSPGVAAVPPAAKEKSATVVAGTGAAAPFAAAPPPPAAATSAALVPVVP,prota_variant_k/results/two_chain/ionic_290/H1-0_VAR_k0.93_PROTA_WT_25nm
236,0.29,20306006.742931277,False,0.6494322538182775,3.868555431588377,0.2769119566918176,1.511186655534973,0.6558242823149606,VPPGPSKSKPAKKKKKKKKKKKKAKAKKKKAKKTGVTVGSAAAPAPKKVRKKKKRKKKKKPSEKKKKKKRKKKSFVAVAVPAAATPAAAPLKAATASATPEPDSPSATA,prota_variant_k/results/two_chain/ionic_290/H1-0_VAR_k0.65_PROTA_WT_25nm
237,0.29,233.8232675995213,True,0.0735583622923667,4.1824109773846425,0.2728708685142673,1.3547645018749197,0.6661143146081795,SAPKSSKKEKKARTPVKAKAKAAAAKARAKTFAKKVPKPGKAKPPVKKAPSKKPPRPVKKLSAKATKAAKGKATKSKEKKAGKPKAPKAVTKKTKVKKKDKKPKVAKSS,prota_variant_k/results/two_chain/ionic_290/H1-0_VAR_k0.07_PROTA_WT_25nm
238,0.29,18343.482119209337,True,0.4584315718152177,4.145906656861619,0.2820580859524962,1.4142707092539757,0.6673928324742154,PLTPTPAASAPKSAEPVVKADTAPASKKRKKKKRKKAKVKRGAKAAKKKKKKKKAAKKAAKVEAPVTPPVSKKGTKKAKKKAKPKKVKSAASAPKKKTKKKSPAGKFPS,prota_variant_k/results/two_chain/ionic_290/H1-0_VAR_k0.46_PROTA_WT_25nm
239,0.29,7820909.553394159,False,0.9805366177718946,3.8486124491754663,0.2911723590270296,1.5126323392282577,0.6503549577687477,ETAAKKKKKKKKKKKKKKKKKKKKKRKKKKKKKKKKKKKRKKKKRKKKAADGSPVAAAAPPPPPVSPAPVVAKESAAAVPAAALSPVSGASASVPTATSGFATPTAPAT,prota_variant_k/results/two_chain/ionic_290/H1-0_VAR_k0.98_PROTA_WT_25nm
240,0.29,989.3710786481848,True,0.2016357430290033,4.127200974424816,0.2670192068122962,1.3304550232405468,0.6655163060300708,SKKPAAAKKKPKKSKSVKDVAAVSKPKAAKKPRAAKKKAKKVVKPTFLTTPKKASKVAKKPKTPKVGKKKKAKKAKAKPKKASGRPKASTKPPAPKASGTAKKAREKAE,prota_variant_rg/results/two_chain/ionic_290/H1-0_VAR_Rg4.15_PROTA_WT_25nm
241,0.29,26436.84855776879,True,0.4556192088034222,3.5835782690749656,0.236740684946749,1.3506977010174024,0.6297818573794348,KKAKKAKLSSVRKKKKKRKVPRKPKKKKKKAKAAVTAVTPAPSSPVPPATEDEPSAAASAGTPPGPVAAPKTKKPFKAAKAKKKKKGKAKKKAAKKKKTKSKKAVKASK,prota_variant_rg/results/two_chain/ionic_290/H1-0_VAR_Rg3.56_PROTA_WT_25nm
242,0.29,1757.9487414423802,True,0.2074808403744876,3.976462188138997,0.2693019113415869,1.3314249369505191,0.6546261054348431,KKAKKKKKGAAKAPKPAPKRGSVKAAFPKSKSKAKKKKVVSVKVAPPTSTAEDKTKKAKTKKSVKKPRAKVAKTPKEAPAKLAKPPKKPARKTSAKASKKAPAKKAGKK,prota_variant_rg/results/two_chain/ionic_290/H1-0_VAR_Rg3.99_PROTA_WT_25nm
243,0.29,3459.283662678991,True,0.3381873497200995,3.99824193221214,0.2560929308068044,1.34803123791671,0.653248381871087,AEKSKKKKKKKKKKAPDPKAKLRGFAVAAKSKKKKKAAPAKSPAPVAVSTKARGPTKAPKSKSVPVAKPPKARTESKGKKASTAPKKKKKATKAKVVKKKAKAKPTPAK,prota_variant_rg/results/two_chain/ionic_290/H1-0_VAR_Rg4.03_PROTA_WT_25nm
244,0.29,90957.79305477296,True,0.3726575336784909,3.913166622139169,0.2562654855327905,1.326314549935006,0.6472596547102193,KKKKKKKKKKKKKKAAKRVALKTTAAKPKSVASEAFKRKSSAGAKPVTGAPRKKKPPKKTVVPAPPASATPKKKADAPSEPAKKSAKKAKKVKPAKKKTKAAPSAVKGK,prota_variant_rg/results/two_chain/ionic_290/H1-0_VAR_Rg3.96_PROTA_WT_25nm
245,0.29,24784.09385701286,True,0.4632067831732521,3.632852677761205,0.245479013226676,1.2582105748363874,0.6333965101673599,AATAPKKKKSKKKKKKKKKVKKKGAKAARSAASASKPTVTAAVKPTAVAPPDEEPVTVSPAAPASAPKPRLRGKKFKKKKGKKAKAAKASKPPKAKKKKKKVKKKKPST,prota_variant_rg/results/two_chain/ionic_290/H1-0_VAR_Rg3.61_PROTA_WT_25nm
246,0.29,9599.004434769287,True,0.33941440895235936,3.9041729417677433,0.28168918197310966,1.392606282275982,0.6493930786883023,TKAAAKKAAKKKKKKKKKGSAPKSPVAEVSEVTAAAPAPVKGKDKVKTFKSKPTAPAKKKVTGKRPSAVAAKPPPKAAPKPKKLSARTKKKKKKKKSSRKKKKPAAKKA,prota_variant_rg/results/two_chain/ionic_290/H1-0_VAR_Rg3.93_PROTA_WT_25nm
247,0.29,8284.628671060418,True,0.277865056938287,3.8893967545406816,0.24082614205650293,1.3118130983635463,0.6484885082668306,PKAKKKKKAGKKKKKKAKKAPAKSAPAVVAEPTPRVRSPAPGADSEPVFSTKPKAASPKKKTAKGKSPKKSAKKKKKSKAAKVKAKPTKKKAVKKAPLRTVAKKKTKAA,prota_variant_rg/results/two_chain/ionic_290/H1-0_VAR_Rg3.90_PROTA_WT_25nm
248,0.29,2043.0117800382072,True,0.34584300658583483,3.8496429547592967,0.24339392764627146,1.324656889746455,0.6461200550185348,KKPPKKKAKPGAKPAKAKSKKPKATKGSVAKKKTRKKVKAAAADPKFEEVGAPPAATLVTPKASKKRAKKKKKKVSVVSASATRTPSKAKKKKPKKPAPKKSKKKKAAA,prota_variant_rg/results/two_chain/ionic_290/H1-0_VAR_Rg3.83_PROTA_WT_25nm
249,0.29,95248.18520100969,True,0.4284012457852576,3.7049853664660604,0.22549339315076733,1.2223627803531152,0.6355973020167137,KKKAKKSAKKKKVKKKTKKKKKKKKKAKKAKKKVPTAVPDGAVAVVEPAAPALAEGFAATPGSTPKPSASKTPSAKKPTKASRPAKPKRSAKPAAKPKKKRKKKAKSVA,prota_variant_rg/results/two_chain/ionic_290/H1-0_VAR_Rg3.66_PROTA_WT_25nm
250,0.29,39400.498039423226,True,0.3613558472362593,3.7752172431991737,0.22964995289482507,1.2288646141043642,0.6373701651634346,KKKKKKAKSKPPKKTGKKKSAKKKPRKKKKKADPKASAAATSVGTKAAATAPVFEASEATVAPAPVPKSSRAGKKAATPKPSLKVPKAVVRAPKKKPKKKAKKKAKKKK,prota_variant_rg/results/two_chain/ionic_290/H1-0_VAR_Rg3.75_PROTA_WT_25nm
251,0.29,11627.648330895672,True,0.32909319999884656,3.8802074009822185,0.26893164727122587,1.3809782852650159,0.6438072703166321,KGKKKAKKKSKVKKTKSKKKKAKKAPLVVKKKDPAAATGESPAVAAAAVGASTFPPSKPAAKKAKPPPAKVASRKATRKKASEKTPSKAKRPPKKKKKAKAKKVKKPTK,prota_variant_rg/results/two_chain/ionic_290/H1-0_VAR_Rg3.86_PROTA_WT_25nm
252,0.29,964.3968450794482,True,0.25160973214576654,4.084601590174652,0.2597880904934818,1.3949032775042558,0.658233095164135,VKKVEKAASKKKPKKKAKKKARKKEDKPPAKVAAAFPASTKAAPVSKTKPKAKAKTKKPKSRASTSRPATLAKPKPSAKVKKKAGAKTAGKASKVVKKKGKAKPKKKPP,prota_variant_rg/results/two_chain/ionic_290/H1-0_VAR_Rg4.07_PROTA_WT_25nm
253,0.29,40785.29968886434,True,0.3454753595323257,3.741993189451001,0.26432134494123727,1.2899261692424588,0.6395247412714901,KKKAKKKTKAKVKAKKKRKGKKKKSKKKPGPKKRKAKATSAAVKAAPATAAPVFSPPEASVDPVPETSPSRASVKAKPKKPALTKKVAKPSGPKKKTKKKKKAAAKAKA,prota_variant_rg/results/two_chain/ionic_290/H1-0_VAR_Rg3.72_PROTA_WT_25nm
254,0.29,2669.8692451143484,True,0.3267236935862954,3.7805152826493105,0.23922609157851396,1.261509594715058,0.6400082102072601,PKPPTKPAKSGVKKVKKKKPKKKAPKGSAAVKKKAKKKSAAASDPAVEEAGASSVPTAATPKKSKARKKKPKTKSAAFARATTRVPVKLKKAAPKKKKPKKAKKKKKAK,prota_variant_rg/results/two_chain/ionic_290/H1-0_VAR_Rg3.79_PROTA_WT_25nm
255,0.29,370897.0152474384,True,0.5426081594631277,3.4725941846171238,0.22347169408927017,1.2739043521181732,0.6211914536793833,KKKKKPKKKKKKKGKPKKKKKKKKAKKKKKKRAVPVTSGAVASVAVSAAEPDEATASTPTPAPAATPAAAFAASRPPKKPVTKSGKVKKKAKKLSRKPKKKAPASAKKA,prota_variant_rg/results/two_chain/ionic_290/H1-0_VAR_Rg3.50_PROTA_WT_25nm
256,0.29,32319.859558192846,False,0.5719069558024032,3.464468583714464,0.24718080588142663,1.2400092300728336,0.6188336115666276,LKKKKAKRKKKKKKAKKKKKKRKKAKKKGPKVAAPAAGSSPATPPASTFTEDEAVSTVSAAPPPATATVPVPAKKSAKKAPAKVAKPVKAASKKKKSARGKKKKKKKKP,prota_variant_rg/results/two_chain/ionic_290/H1-0_VAR_Rg3.44_PROTA_WT_25nm
