kappa,Rg,ionic,Kd,seq
0.074,4.18,240,5,SAPKSSKKEKKARTPVKAKAKAAAAKARAKTFAKKVPKPGKAKPPVKKAPSKKPPRPVKKLSAKATKAAKGKATKSKEKKAGKPKAPKAVTKKTKVKKKDKKPKVAKSS
0.108,4.16,240,6,PAKAAKPSAKKVPSAGKKKAPPSKKAPAKAKKTPATRKGVSKAKKAKSPAAKRKGKPAKTDKKFKEKAKKPVKKAARAAVLPKVKSKEKKSVKAKKSTPPKAKTTKKVK
0.145,4.13,240,26,AKAKPPKKEKAKRAGTKVASKAKPPKAKPKASGPKSPKVAKAKKATKTGASDVKVSAPKKPTKKATARAKSTVKAKKEKKPSVPKAKKALARKVPAKKKKKKFKSAKKP
0.154,4.26,240,21,TKGVGASGSFRLAKSDEPKKSVAFKKTKKEIKKVATPKKASKPKKAASKAPTKKPKATPVKKAKKKLAATPKKAKKPKTVKAKPVKASKPKKAKPVKPKAKSSAKRAGKKK
0.154,4.26,330,3300,TKGVGASGSFRLAKSDEPKKSVAFKKTKKEIKKVATPKKASKPKKAASKAPTKKPKATPVKKAKKKLAATPKKAKKPKTVKAKPVKASKPKKAKPVKPKAKSSAKRAGKKK
0.154,4.26,340,4683,TKGVGASGSFRLAKSDEPKKSVAFKKTKKEIKKVATPKKASKPKKAASKAPTKKPKATPVKKAKKKLAATPKKAKKPKTVKAKPVKASKPKKAKPVKPKAKSSAKRAGKKK
0.154,4.26,290,511,TKGVGASGSFRLAKSDEPKKSVAFKKTKKEIKKVATPKKASKPKKAASKAPTKKPKATPVKKAKKKLAATPKKAKKPKTVKAKPVKASKPKKAKPVKPKAKSSAKRAGKKK
0.154,4.26,150,1803,TKGVGASGSFRLAKSDEPKKSVAFKKTKKEIKKVATPKKASKPKKAASKAPTKKPKATPVKKAKKKLAATPKKAKKPKTVKAKPVKASKPKKAKPVKPKAKSSAKRAGKKK
0.154,4.26,205,5,TKGVGASGSFRLAKSDEPKKSVAFKKTKKEIKKVATPKKASKPKKAASKAPTKKPKATPVKKAKKKLAATPKKAKKPKTVKAKPVKASKPKKAKPVKPKAKSSAKRAGKKK
0.154,4.26,165,17,TKGVGASGSFRLAKSDEPKKSVAFKKTKKEIKKVATPKKASKPKKAASKAPTKKPKATPVKKAKKKLAATPKKAKKPKTVKAKPVKASKPKKAKPVKPKAKSSAKRAGKKK
0.154,4.26,180,141,TKGVGASGSFRLAKSDEPKKSVAFKKTKKEIKKVATPKKASKPKKAASKAPTKKPKATPVKKAKKKLAATPKKAKKPKTVKAKPVKASKPKKAKPVKPKAKSSAKRAGKKK
0.154,4.26,165,361,TKGVGASGSFRLAKSDEPKKSVAFKKTKKEIKKVATPKKASKPKKAASKAPTKKPKATPVKKAKKKLAATPKKAKKPKTVKAKPVKASKPKKAKPVKPKAKSSAKRAGKKK
0.173,4.19,240,26,KVERKVKKKAKDKGVPPLKKPKAKKVTAKSRRGKKAAAKKKVVKKAAAKKAPAKAAKAKSSKKSAKASAPGKPSTKTEKTATPSKKAAKKASAKPPPFKKKPKKVPPTK
0.173,4.19,290,574,KVERKVKKKAKDKGVPPLKKPKAKKVTAKSRRGKKAAAKKKVVKKAAAKKAPAKAAKAKSSKKSAKASAPGKPSTKTEKTATPSKKAAKKASAKPPPFKKKPKKVPPTK
0.173,4.19,330,3734,KVERKVKKKAKDKGVPPLKKPKAKKVTAKSRRGKKAAAKKKVVKKAAAKKAPAKAAKAKSSKKSAKASAPGKPSTKTEKTATPSKKAAKKASAKPPPFKKKPKKVPPTK
0.173,4.19,340,5309,KVERKVKKKAKDKGVPPLKKPKAKKVTAKSRRGKKAAAKKKVVKKAAAKKAPAKAAKAKSSKKSAKASAPGKPSTKTEKTATPSKKAAKKASAKPPPFKKKPKKVPPTK
0.179,4.24,240,783,VPAEASAKSPRKAKAAATKKSAKAGTTLPPPAKKAKAATRKKAVRVSGKPSKPKKKPKKAPATKKSKKAKKAAVKVKAPAKKKKVPKKVKGAKPKFPKTKKSEKKDKSK
0.179,4.24,290,850,VPAEASAKSPRKAKAAATKKSAKAGTTLPPPAKKAKAATRKKAVRVSGKPSKPKKKPKKAPATKKSKKAKKAAVKVKAPAKKKKVPKKVKGAKPKFPKTKKSEKKDKSK
0.179,4.24,330,1655876,VPAEASAKSPRKAKAAATKKSAKAGTTLPPPAKKAKAATRKKAVRVSGKPSKPKKKPKKAPATKKSKKAKKAAVKVKAPAKKKKVPKKVKGAKPKFPKTKKSEKKDKSK
0.179,4.24,340,6703,VPAEASAKSPRKAKAAATKKSAKAGTTLPPPAKKAKAATRKKAVRVSGKPSKPKKKPKKAPATKKSKKAKKAAVKVKAPAKKKKVPKKVKGAKPKFPKTKKSEKKDKSK
0.182,4.13,240,61,KEAVAKASAKKSKKTKSKPAARVKEDVPAPTRVKPFKKPKASKSPVKKAKAAKPAAKKKKSSKKKLKKRTKGKPKGTAKPASKAPKKTAPKKAKAGKPKKVKAKATVPA
0.182,4.13,290,980,KEAVAKASAKKSKKTKSKPAARVKEDVPAPTRVKPFKKPKASKSPVKKAKAAKPAAKKKKSSKKKLKKRTKGKPKGTAKPASKAPKKTAPKKAKAGKPKKVKAKATVPA
0.182,4.13,330,5045,KEAVAKASAKKSKKTKSKPAARVKEDVPAPTRVKPFKKPKASKSPVKKAKAAKPAAKKKKSSKKKLKKRTKGKPKGTAKPASKAPKKTAPKKAKAGKPKKVKAKATVPA
0.182,4.13,340,6751,KEAVAKASAKKSKKTKSKPAARVKEDVPAPTRVKPFKKPKASKSPVKKAKAAKPAAKKKKSSKKKLKKRTKGKPKGTAKPASKAPKKTAPKKAKAGKPKKVKAKATVPA
0.19,4.07,240,31,KSAKPKASAKKATKKKSKPAVRKKEPAPKPTRVKVFGKPVASAEPVKKAKAAKPKAKKAVSSKKALKKRTKKKPKGTAKPASKKDAATAPKKSKAGKPKKVKKKATKPA
0.19,4.07,290,685,KSAKPKASAKKATKKKSKPAVRKKEPAPKPTRVKVFGKPVASAEPVKKAKAAKPKAKKAVSSKKALKKRTKKKPKGTAKPASKKDAATAPKKSKAGKPKKVKKKATKPA
0.19,4.07,340,6291,KSAKPKASAKKATKKKSKPAVRKKEPAPKPTRVKVFGKPVASAEPVKKAKAAKPKAKKAVSSKKALKKRTKKKPKGTAKPASKKDAATAPKKSKAGKPKKVKKKATKPA
0.201,4.19,240,28,KPSAPKKKKVPAKTALGEKKKDGAAKPKVPKSKAGKAVAAEKRKRKSFPATKSKKKKAKTAAKKPKTAKKAKKTAKSVSAPAVKKKAAKPTAKPKRVAKSPPKKVKSPK
0.201,4.03,240,31,FAGKKAAKAKKLPPKKPTPKARKVPSAARTKKSVKKSKPKAKADPAVEVAKAASSAPKKPKKVKTAKPAKEKRKTKSKAAPSTAKPTKVKSKAKKGKKKKKGVPKAKKA
0.201,4.03,290,703,FAGKKAAKAKKLPPKKPTPKARKVPSAARTKKSVKKSKPKAKADPAVEVAKAASSAPKKPKKVKTAKPAKEKRKTKSKAAPSTAKPTKVKSKAKKGKKKKKGVPKAKKA
0.201,4.03,330,4324,FAGKKAAKAKKLPPKKPTPKARKVPSAARTKKSVKKSKPKAKADPAVEVAKAASSAPKKPKKVKTAKPAKEKRKTKSKAAPSTAKPTKVKSKAKKGKKKKKGVPKAKKA
0.201,4.03,340,6598,FAGKKAAKAKKLPPKKPTPKARKVPSAARTKKSVKKSKPKAKADPAVEVAKAASSAPKKPKKVKTAKPAKEKRKTKSKAAPSTAKPTKVKSKAKKGKKKKKGVPKAKKA
0.202,4.13,240,345482,SKKPAAAKKKPKKSKSVKDVAAVSKPKAAKKPRAAKKKAKKVVKPTFLTTPKKASKVAKKPKTPKVGKKKKAKKAKAKPKKASGRPKASTKPPAPKASGTAKKAREKAE
0.207,3.98,240,124,KKAKKKKKGAAKAPKPAPKRGSVKAAFPKSKSKAKKKKVVSVKVAPPTSTAEDKTKKAKTKKSVKKPRAKVAKTPKEAPAKLAKPPKKPARKTSAKASKKAPAKKAGKK
0.208,4.12,240,14,KGKVAKPSAEKAKAAKSKKAKRVKKDVAAPTRVKPFKKPKAEKSPVKKKKASKPASKAKKSSKKALKKRTASAPKGTAAPAKKAPAKTKPGKAKATKPKKTKKKKPVPV
0.208,4.12,290,406,KGKVAKPSAEKAKAAKSKKAKRVKKDVAAPTRVKPFKKPKAEKSPVKKKKASKPASKAKKSSKKALKKRTASAPKGTAAPAKKAPAKTKPGKAKATKPKKTKKKKPVPV
0.208,4.12,330,3210,KGKVAKPSAEKAKAAKSKKAKRVKKDVAAPTRVKPFKKPKAEKSPVKKKKASKPASKAKKSSKKALKKRTASAPKGTAAPAKKAPAKTKPGKAKATKPKKTKKKKPVPV
0.208,4.12,340,4700,KGKVAKPSAEKAKAAKSKKAKRVKKDVAAPTRVKPFKKPKAEKSPVKKKKASKPASKAKKSSKKALKKRTASAPKGTAAPAKKAPAKTKPGKAKATKPKKTKKKKPVPV
0.212,4.18,240,45,PEKRKSTSAPSSKGATPLPVTPAKKAKVKSTAKKAFSKVKRKKAKKPAKKAVKPAAKAKKSPKVKKAKADGKKPKVTTRGAVPAKKEKAKKKAKAPPAKKKSAKKPKKA
0.212,4.18,290,918,PEKRKSTSAPSSKGATPLPVTPAKKAKVKSTAKKAFSKVKRKKAKKPAKKAVKPAAKAKKSPKVKKAKADGKKPKVTTRGAVPAKKEKAKKKAKAPPAKKKSAKKPKKA
0.212,4.18,340,7465,PEKRKSTSAPSSKGATPLPVTPAKKAKVKSTAKKAFSKVKRKKAKKPAKKAVKPAAKAKKSPKVKKAKADGKKPKVTTRGAVPAKKEKAKKKAKAPPAKKKSAKKPKKA
0.216,3.98,240,458,KKKSKAKKGSKVKASKKAKKKAAPTVLPVKKKDKPPATPESPAKAAKGVAKAKFPAKAPAAKAKAVPPKSTGSRPATRKKATEKTKSKAKRPVKSKKKKKAKKVKPAKK
0.216,3.98,290,3352,KKKSKAKKGSKVKASKKAKKKAAPTVLPVKKKDKPPATPESPAKAAKGVAKAKFPAKAPAAKAKAVPPKSTGSRPATRKKATEKTKSKAKRPVKSKKKKKAKKVKPAKK
0.216,3.98,330,10390,KKKSKAKKGSKVKASKKAKKKAAPTVLPVKKKDKPPATPESPAKAAKGVAKAKFPAKAPAAKAKAVPPKSTGSRPATRKKATEKTKSKAKRPVKSKKKKKAKKVKPAKK
0.216,3.98,340,13526,KKKSKAKKGSKVKASKKAKKKAAPTVLPVKKKDKPPATPESPAKAAKGVAKAKFPAKAPAAKAKAVPPKSTGSRPATRKKATEKTKSKAKRPVKSKKKKKAKKVKPAKK
0.219,4.22,240,44,GPTFEPPKKSPPKERAKKKAAAKAGSAPVKKAKKGKSSAKPKPKAKKAPKPAVKAKAASKAAKKKKATTSPKKKAKAKKKSKSVVPARKKLKKKTRVTTKDKAVKKVPA
0.219,4.22,290,779,GPTFEPPKKSPPKERAKKKAAAKAGSAPVKKAKKGKSSAKPKPKAKKAPKPAVKAKAASKAAKKKKATTSPKKKAKAKKKSKSVVPARKKLKKKTRVTTKDKAVKKVPA
0.219,4.22,340,6291,GPTFEPPKKSPPKERAKKKAAAKAGSAPVKKAKKGKSSAKPKPKAKKAPKPAVKAKAASKAAKKKKATTSPKKKAKAKKKSKSVVPARKKLKKKTRVTTKDKAVKKVPA
0.223,3.92,240,140,KKAKKKKKGAAKAPKPAPKRGKVKAAFPKSKSKAKSKKVVSVKVAPPTSTAEDKTKKAKTKKSVKKPRAKAAVTPAEAPAKLAKPPKKPARKTSAKASKKKPKKKAGKK
0.223,3.92,290,1882,KKAKKKKKGAAKAPKPAPKRGKVKAAFPKSKSKAKSKKVVSVKVAPPTSTAEDKTKKAKTKKSVKKPRAKAAVTPAEAPAKLAKPPKKPARKTSAKASKKKPKKKAGKK
0.223,3.92,340,10416,KKAKKKKKGAAKAPKPAPKRGKVKAAFPKSKSKAKSKKVVSVKVAPPTSTAEDKTKKAKTKKSVKKPRAKAAVTPAEAPAKLAKPPKKPARKTSAKASKKKPKKKAGKK
0.223,4.21,240,14398,KEAVAKASAAKSKKTKSKTAARVKEDVPKPTRVKPFSKPPASKKPKKKAKPAKAAAPKKKSKKKKLVKRKKGKKKGTAKPASKAPKPTAPKKASAGKPKKVKAKATVKA
0.227,4.2,240,27,VVPAGAVKKKEASAKPAVKKKAKAKPKKKAPKKAKTAPSKAPKKPGLKKKKARSAGKKATSAVTKKKAKPSKRPATAKKVADTSKKKKAKPPAKTSVSPKAERFKPKKK
0.233,4.28,240,332,PVPFRTVPETSAKKKATEKKPPTAKKKLAKKTAGKKKAKKKVKKAKAAPKKKSAASVTKAKPKKVASAKPKKPKKPAKKRAAKAGPASAKKASKKKSKPAVDKGSVKPR
0.233,4.28,290,1208,PVPFRTVPETSAKKKATEKKPPTAKKKLAKKTAGKKKAKKKVKKAKAAPKKKSAASVTKAKPKKVASAKPKKPKKPAKKRAAKAGPASAKKASKKKSKPAVDKGSVKPR
0.233,4.28,340,8484,PVPFRTVPETSAKKKATEKKPPTAKKKLAKKTAGKKKAKKKVKKAKAAPKKKSAASVTKAKPKKVASAKPKKPKKPAKKRAAKAGPASAKKASKKKSKPAVDKGSVKPR
0.245,4.02,240,174,VKKVEKAASKKKKKKKKKKDARKKEKTPPAKVAAAFPASTKAAPVSAKKPKAAAKTKKPKSRSATSRPKTLAKPKPSAKVKKKAGAKTAGKASKVVKPKGKAKPKKKPP
0.245,4.02,290,2273,VKKVEKAASKKKKKKKKKKDARKKEKTPPAKVAAAFPASTKAAPVSAKKPKAAAKTKKPKSRSATSRPKTLAKPKPSAKVKKKAGAKTAGKASKVVKPKGKAKPKKKPP
0.245,4.02,340,12314,VKKVEKAASKKKKKKKKKKDARKKEKTPPAKVAAAFPASTKAAPVSAKKPKAAAKTKKPKSRSATSRPKTLAKPKPSAKVKKKAGAKTAGKASKVVKPKGKAKPKKKPP
0.251,3.87,240,634,KKKKKAKAKAKKSVFKKKKRTKKVSVEEPDAAGKTSPKKGVKKPKPAAKTTAPVRKPPRKKSPGAAAAAAKASAPASTVKKAAKKKTPLAKPKKKSPVKSKKAKKPAKK
0.251,3.87,290,4995,KKKKKAKAKAKKSVFKKKKRTKKVSVEEPDAAGKTSPKKGVKKPKPAAKTTAPVRKPPRKKSPGAAAAAAKASAPASTVKKAAKKKTPLAKPKKKSPVKSKKAKKPAKK
0.251,3.87,340,16620,KKKKKAKAKAKKSVFKKKKRTKKVSVEEPDAAGKTSPKKGVKKPKPAAKTTAPVRKPPRKKSPGAAAAAAKASAPASTVKKAAKKKTPLAKPKKKSPVKSKKAKKPAKK
0.252,4.08,240,52,VKKVEKAASKKKPKKKAKKKARKKEDKPPAKVAAAFPASTKAAPVSKTKPKAKAKTKKPKSRASTSRPATLAKPKPSAKVKKKAGAKTAGKASKVVKKKGKAKPKKKPP
0.252,3.96,240,211,KKPKGAKKTPAKKKPKKKKDKKVVLKVAKKPKKKKPTAAPAPPGKSKTSTTVEAAAAPSKEKSAKKRKVKPAAAFPSASKSKAKVATKKAKKPAKKKVRAKGAAKPRKS
0.252,3.96,290,2470,KKPKGAKKTPAKKKPKKKKDKKVVLKVAKKPKKKKPTAAPAPPGKSKTSTTVEAAAAPSKEKSAKKRKVKPAAAFPSASKSKAKVATKKAKKPAKKKVRAKGAAKPRKS
0.252,3.96,340,11932,KKPKGAKKTPAKKKPKKKKDKKVVLKVAKKPKKKKPTAAPAPPGKSKTSTTVEAAAAPSKEKSAKKRKVKPAAAFPSASKSKAKVATKKAKKPAKKKVRAKGAAKPRKS
0.256,3.87,240,179,KKVKKKKKPKPPKPARKPPKKVKSAAVGSASAGKTASKTTKEKKAKAPAARASTDESFTLAAVVKKKPKGKRKKKPPKTKKPASSKPKAAAKAKKAKAKAVAPKVKKKK
0.256,3.87,290,4495,KKVKKKKKPKPPKPARKPPKKVKSAAVGSASAGKTASKTTKEKKAKAPAARASTDESFTLAAVVKKKPKGKRKKKPPKTKKPASSKPKAAAKAKKAKAKAVAPKVKKKK
0.256,3.87,340,15486,KKVKKKKKPKPPKPARKPPKKVKSAAVGSASAGKTASKTTKEKKAKAPAARASTDESFTLAAVVKKKPKGKRKKKPPKTKKPASSKPKAAAKAKKAKAKAVAPKVKKKK
0.263,4.21,240,5379,PAAETKTKKKTVAPKPAAKKKAKPVKKKSVTVAKAKPKRKPKAAGTKSKKKAKKKAKKKKGATKPKRKPKSPAKKAKKAADKKALPRKFPVPVAVAKSSSAEAPSGKSK
0.263,4.21,290,2947,PAAETKTKKKTVAPKPAAKKKAKPVKKKSVTVAKAKPKRKPKAAGTKSKKKAKKKAKKKKGATKPKRKPKSPAKKAKKAADKKALPRKFPVPVAVAKSSSAEAPSGKSK
0.263,4.21,330,9815,PAAETKTKKKTVAPKPAAKKKAKPVKKKSVTVAKAKPKRKPKAAGTKSKKKAKKKAKKKKGATKPKRKPKSPAKKAKKAADKKALPRKFPVPVAVAKSSSAEAPSGKSK
0.263,4.21,340,12042,PAAETKTKKKTVAPKPAAKKKAKPVKKKSVTVAKAKPKRKPKAAGTKSKKKAKKKAKKKKGATKPKRKPKSPAKKAKKAADKKALPRKFPVPVAVAKSSSAEAPSGKSK
0.264,4.04,240,2578,EAAKKKTSKKAPPPKKPKAKAVKVPKKARTFKSSGAKKPKAKSDPAVEAAKTASVAPASPKSVKTKKPAKAKKGRKKKAKPKTATPKKGKSALVKKKKRKKKVPKAKAA
0.264,4.04,290,2164,EAAKKKTSKKAPPPKKPKAKAVKVPKKARTFKSSGAKKPKAKSDPAVEAAKTASVAPASPKSVKTKKPAKAKKGRKKKAKPKTATPKKGKSALVKKKKRKKKVPKAKAA
0.264,4.04,330,7329,EAAKKKTSKKAPPPKKPKAKAVKVPKKARTFKSSGAKKPKAKSDPAVEAAKTASVAPASPKSVKTKKPAKAKKGRKKKAKPKTATPKKGKSALVKKKKRKKKVPKAKAA
0.264,4.04,340,9620,EAAKKKTSKKAPPPKKPKAKAVKVPKKARTFKSSGAKKPKAKSDPAVEAAKTASVAPASPKSVKTKKPAKAKKGRKKKAKPKTATPKKGKSALVKKKKRKKKVPKAKAA
0.266,4.21,240,72277,PRAVKVPPSAKSEKKPSKAKRAKKKPKTDKAKKAPFAATVAARPSSKKAALTKKKAKKKKKPKKSAAAKKKKAKGPKKPPASKGPKKEKSKVAAPGTATKTKKKAVVVK
0.266,4.21,290,2401,PRAVKVPPSAKSEKKPSKAKRAKKKPKTDKAKKAPFAATVAARPSSKKAALTKKKAKKKKKPKKSAAAKKKKAKGPKKPPASKGPKKEKSKVAAPGTATKTKKKAVVVK
0.266,4.21,340,11974,PRAVKVPPSAKSEKKPSKAKRAKKKPKTDKAKKAPFAATVAARPSSKKAALTKKKAKKKKKPKKSAAAKKKKAKGPKKPPASKGPKKEKSKVAAPGTATKTKKKAVVVK
0.269,4.11,240,33,PRPKTVKGAPSKTAPPPKPPAKKKLKKASTKKAKPGKKKPPKEEKAVAATARKKPKAKKAPFKKKKRSASAAKKGKKKVASVVAAKTKAVASKVKKSADAASKKKKKKT
0.274,3.81,240,173,KAKGKKKGKTAKKVKKAAAAKKLPSKAPRPAAAPVAKKPKKKRSSKVPAAADEEPVTFKPSAAAKVPTSKKVKKRKAKKKPKAPPATSVKKTKKKSKTKKSAPGAKKKK
0.274,3.81,290,1867,KAKGKKKGKTAKKVKKAAAAKKLPSKAPRPAAAPVAKKPKKKRSSKVPAAADEEPVTFKPSAAAKVPTSKKVKKRKAKKKPKAPPATSVKKTKKKSKTKKSAPGAKKKK
0.274,3.81,340,10137,KAKGKKKGKTAKKVKKAAAAKKLPSKAPRPAAAPVAKKPKKKRSSKVPAAADEEPVTFKPSAAAKVPTSKKVKKRKAKKKPKAPPATSVKKTKKKSKTKKSAPGAKKKK
0.278,3.89,240,27681,PKAKKKKKAGKKKKKKAKKAPAKSAPAVVAEPTPRVRSPAPGADSEPVFSTKPKAASPKKKTAKGKSPKKSAKKKKKSKAAKVKAKPTKKKAVKKAPLRTVAKKKTKAA
0.282,4.0,240,29,KKKAKKKKKAKKKKAKKRVALKTTPAGPKSVATEAFPRKSSAVKKRVTGVVAKKKKPAASVPPAKPPKTTPKKSPKAPSEKAKKSAKKAKKGKPAAKKAKSAPAAKKDK
0.282,4.0,290,19991,KKKAKKKKKAKKKKAKKRVALKTTPAGPKSVATEAFPRKSSAVKKRVTGVVAKKKKPAASVPPAKPPKTTPKKSPKAPSEKAKKSAKKAKKGKPAAKKAKSAPAAKKDK
0.282,4.0,340,34114,KKKAKKKKKAKKKKAKKRVALKTTPAGPKSVATEAFPRKSSAVKKRVTGVVAKKKKPAASVPPAKPPKTTPKKSPKAPSEKAKKSAKKAKKGKPAAKKAKSAPAAKKDK
0.283,3.93,240,772,KAKAKKKKKAKKKKAKARKVLKTKPAGPKSASTEAFVRKKSAVTPRPSGKVPKKKGKAASVAPAKPPVTSTKPKKDPAAEKASKTAKPAKKKVAAAKKKKSKPKPKKKA
0.283,3.93,290,8355,KAKAKKKKKAKKKKAKARKVLKTKPAGPKSASTEAFVRKKSAVTPRPSGKVPKKKGKAASVAPAKPPVTSTKPKKDPAAEKASKTAKPAKKKVAAAKKKKSKPKPKKKA
0.283,3.93,330,18359,KAKAKKKKKAKKKKAKARKVLKTKPAGPKSASTEAFVRKKSAVTPRPSGKVPKKKGKAASVAPAKPPVTSTKPKKDPAAEKASKTAKPAKKKVAAAKKKKSKPKPKKKA
0.283,3.93,340,21999,KAKAKKKKKAKKKKAKARKVLKTKPAGPKSASTEAFVRKKSAVTPRPSGKVPKKKGKAASVAPAKPPVTSTKPKKDPAAEKASKTAKPAKKKVAAAKKKKSKPKPKKKA
0.288,3.89,240,114,SKKKAAKAKAKAKPKLKKKKPKKSGVEEPDAAGFTVGTPPKKKPKVAAKTTASVKRPPRKKAKSKAAAAVASKPPPKTATAKAKKKKPKASPSARSKVKKKKVKKAKKK
0.288,3.89,290,1440,SKKKAAKAKAKAKPKLKKKKPKKSGVEEPDAAGFTVGTPPKKKPKVAAKTTASVKRPPRKKAKSKAAAAVASKPPPKTATAKAKKKKPKASPSARSKVKKKKVKKAKKK
0.288,3.89,340,9152,SKKKAAKAKAKAKPKLKKKKPKKSGVEEPDAAGFTVGTPPKKKPKVAAKTTASVKRPPRKKAKSKAAAAVASKPPPKTATAKAKKKKPKASPSARSKVKKKKVKKAKKK
0.297,3.86,240,3424,KKAKKKKKKKAPKKAKPAKKSKKKAKKPKKAASKVASKPAKPLGSKVPAASDETPSVFVKTAVPPKPTRGKRKKKTKATKPAAKSAEPVKRATSKAAKKKKAPGKAAVK
0.297,3.86,290,24007,KKAKKKKKKKAPKKAKPAKKSKKKAKKPKKAASKVASKPAKPLGSKVPAASDETPSVFVKTAVPPKPTRGKRKKKTKATKPAAKSAEPVKRATSKAAKKKKAPGKAAVK
0.297,3.86,330,32149,KKAKKKKKKKAPKKAKPAKKSKKKAKKPKKAASKVASKPAKPLGSKVPAASDETPSVFVKTAVPPKPTRGKRKKKTKATKPAAKSAEPVKRATSKAAKKKKAPGKAAVK
0.297,3.86,340,33787,KKAKKKKKKKAPKKAKPAKKSKKKAKKPKKAASKVASKPAKPLGSKVPAASDETPSVFVKTAVPPKPTRGKRKKKTKATKPAAKSAEPVKRATSKAAKKKKAPGKAAVK
0.301,4.03,240,1733,AAVPKRAPPLPKPKKKKKKFPKGKTKAAPKKKAAKADAKGKTPATAVVASPVPSTGSTSKKKSTKAKKVKASKKKKKKEPSPKERKKAAAAKKKAKAVKKKRAVKSAKP
0.305,4.04,240,1993,KGKVKKPSKKKASKPASKTTKRVVKDAAKVTATRGFAKEKSPPVPVKPEKAAGKKAKPLKSSKKAAKKKKASPRKKSAAAAAKPPAAAKTPKAPPKKKKKKKKKKTKAV
0.305,4.04,290,4261,KGKVKKPSKKKASKPASKTTKRVVKDAAKVTATRGFAKEKSPPVPVKPEKAAGKKAKPLKSSKKAAKKKKASPRKKSAAAAAKPPAAAKTPKAPPKKKKKKKKKKTKAV
0.305,4.04,340,14973,KGKVKKPSKKKASKPASKTTKRVVKDAAKVTATRGFAKEKSPPVPVKPEKAAGKKAKPLKSSKKAAKKKKASPRKKSAAAAAKPPAAAKTPKAPPKKKKKKKKKKTKAV
0.315,4.22,240,375620,EKPKTVPPSLVSTKSPAAAGKAKAKPAAAKAAAKKKAKTVVPAPRKKKKKVTAKKSKKKKKPPKSRKAKAKKKKGVFPPKKAKGKKKKPSDAKAPSTATRAKSKAEKVK
0.32,3.94,240,366,PKAKKAKSKVRKLPFAAKVKTAAVSAEEDGVAGAPSPAKASKATSPAATKAKPVTKTKRKKSPKAKPAKAKAKSAKKPVTKKKKKKRKKKKPVKKGPKKAKKKKAPSPK
0.32,3.94,290,22546,PKAKKAKSKVRKLPFAAKVKTAAVSAEEDGVAGAPSPAKASKATSPAATKAKPVTKTKRKKSPKAKPAKAKAKSAKKPVTKKKKKKRKKKKPVKKGPKKAKKKKAPSPK
0.32,3.94,330,30993,PKAKKAKSKVRKLPFAAKVKTAAVSAEEDGVAGAPSPAKASKATSPAATKAKPVTKTKRKKSPKAKPAKAKAKSAKKPVTKKKKKKRKKKKPVKKGPKKAKKKKAPSPK
0.32,3.94,340,35951,PKAKKAKSKVRKLPFAAKVKTAAVSAEEDGVAGAPSPAKASKATSPAATKAKPVTKTKRKKSPKAKPAKAKAKSAKKPVTKKKKKKRKKKKPVKKGPKKAKKKKAPSPK
0.327,3.78,240,391,PKPPTKPAKSGVKKVKKKKPKKKAPKGSAAVKKKAKKKSAAASDPAVEEAGASSVPTAATPKKSKARKKKPKTKSAAFARATTRVPVKLKKAAPKKKKPKKAKKKKKAK
0.327,3.81,240,1811,PKPPTKPAKSGVKKVKKKKPKKKAPKGSAAVKKKAKKKSAAASDPAVEEAGASSVPTAATPKKSKARKKKPKTKSAAFARATTRVPVKLKKAAPKKKKPKKAKKKKKAK
0.327,3.81,290,2685,PKPPTKPAKSGVKKVKKKKPKKKAPKGSAAVKKKAKKKSAAASDPAVEEAGASSVPTAATPKKSKARKKKPKTKSAAFARATTRVPVKLKKAAPKKKKPKKAKKKKKAK
0.327,3.81,340,11606,PKPPTKPAKSGVKKVKKKKPKKKAPKGSAAVKKKAKKKSAAASDPAVEEAGASSVPTAATPKKSKARKKKPKTKSAAFARATTRVPVKLKKAAPKKKKPKKAKKKKKAK
0.329,4.25,240,24839726,PPAEAKSKSTVAAPVAATKKKAAPGATLPVAAVKSKSKTRKKAARVKGKASKPKKKKKKKPATKVKKKKKKPAAKAKAPAAKKKSPFKRKGPKKKKPSTKAPEKKDKSV
0.329,4.25,290,4967,PPAEAKSKSTVAAPVAATKKKAAPGATLPVAAVKSKSKTRKKAARVKGKASKPKKKKKKKPATKVKKKKKKPAAKAKAPAAKKKSPFKRKGPKKKKPSTKAPEKKDKSV
0.329,4.25,340,16261,PPAEAKSKSTVAAPVAATKKKAAPGATLPVAAVKSKSKTRKKAARVKGKASKPKKKKKKKPATKVKKKKKKPAAKAKAPAAKKKSPFKRKGPKKKKPSTKAPEKKDKSV
0.329,3.88,240,8304,KGKKKAKKKSKVKKTKSKKKKAKKAPLVVKKKDPAAATGESPAVAAAAVGASTFPPSKPAAKKAKPPPAKVASRKATRKKASEKTPSKAKRPPKKKKKAKAKKVKKPTK
0.333,3.91,240,6635,KKKKKKAKKKKKTKAKKKKPLAATPAKPKSVAKEVAKGASRSAKFSVTGAPRKVKKPRKSVKKAPPKSAAPAPKADAPSEPAKASAKKTKKVAPAKKKTKKAKKTKPGV
0.333,3.91,290,35874,KKKKKKAKKKKKTKAKKKKPLAATPAKPKSVAKEVAKGASRSAKFSVTGAPRKVKKPRKSVKKAPPKSAAPAPKADAPSEPAKASAKKTKKVAPAKKKTKKAKKTKPGV
0.333,3.91,340,41529,KKKKKKAKKKKKTKAKKKKPLAATPAKPKSVAKEVAKGASRSAKFSVTGAPRKVKKPRKSVKKAPPKSAAPAPKADAPSEPAKASAKKTKKVAPAKKKTKKAKKTKPGV
0.335,4.03,240,619,KGKKKKPSKKKKAKPASKKTSKVVKDPKAVKATRSFAKEKSPPVPVKPEKAAGATAKSLKAKRKAAKKKKAGARKKSAKSAATPPAAAATPKTKVKKKKKKKPKVAKPP
0.335,4.03,290,3748,KGKKKKPSKKKKAKPASKKTSKVVKDPKAVKATRSFAKEKSPPVPVKPEKAAGATAKSLKAKRKAAKKKKAGARKKSAKSAATPPAAAATPKTKVKKKKKKKPKVAKPP
0.335,4.03,340,14044,KGKKKKPSKKKKAKPASKKTSKVVKDPKAVKATRSFAKEKSPPVPVKPEKAAGATAKSLKAKRKAAKKKKAGARKKSAKSAATPPAAAATPKTKVKKKKKKKPKVAKPP
0.337,3.91,240,6275,PKKSKAAKKVKKKKAKKKVPLRPKAGVSAGTADARTASAETPVPVPKKPTKAKAEAVAPPAAAPSAKFVKSAPKKRKKKATAKKKKGSKPKKSKKAKKKKSKPKTAKKK
0.337,3.91,290,8234,PKKSKAAKKVKKKKAKKKVPLRPKAGVSAGTADARTASAETPVPVPKKPTKAKAEAVAPPAAAPSAKFVKSAPKKRKKKATAKKKKGSKPKKSKKAKKKKSKPKTAKKK
0.337,3.91,330,17418,PKKSKAAKKVKKKKAKKKVPLRPKAGVSAGTADARTASAETPVPVPKKPTKAKAEAVAPPAAAPSAKFVKSAPKKRKKKATAKKKKGSKPKKSKKAKKKKSKPKTAKKK
0.337,3.91,340,20061,PKKSKAAKKVKKKKAKKKVPLRPKAGVSAGTADARTASAETPVPVPKKPTKAKAEAVAPPAAAPSAKFVKSAPKKRKKKATAKKKKGSKPKKSKKAKKKKSKPKTAKKK
0.338,4.0,240,12582,AEKSKKKKKKKKKKAPDPKAKLRGFAVAAKSKKKKKAAPAKSPAPVAVSTKARGPTKAPKSKSVPVAKPPKARTESKGKKASTAPKKKKKATKAKVVKKKAKAKPTPAK
0.339,3.9,240,948973,TKAAAKKAAKKKKKKKKKGSAPKSPVAEVSEVTAAAPAPVKGKDKVKTFKSKPTAPAKKKVTGKRPSAVAAKPPPKAAPKPKKLSARTKKKKKKKKSSRKKKKPAAKKA
0.34,3.82,240,76,KKPPTKPAKVGKKKAKKKKPKKKASPGSAAVKKKAKKKSAAASDPAVEEAGKPSVPTAATPAKSKARKKKPKTKSAAFSRATTRVPVKLKKAAPKKKKPKKAKKKKKAV
0.34,3.82,290,2987,KKPPTKPAKVGKKKAKKKKPKKKASPGSAAVKKKAKKKSAAASDPAVEEAGKPSVPTAATPAKSKARKKKPKTKSAAFSRATTRVPVKLKKAAPKKKKPKKAKKKKKAV
0.34,3.82,330,9626,KKPPTKPAKVGKKKAKKKKPKKKASPGSAAVKKKAKKKSAAASDPAVEEAGKPSVPTAATPAKSKARKKKPKTKSAAFSRATTRVPVKLKKAAPKKKKPKKAKKKKKAV
0.34,3.82,340,12181,KKPPTKPAKVGKKKAKKKKPKKKASPGSAAVKKKAKKKSAAASDPAVEEAGKPSVPTAATPAKSKARKKKPKTKSAAFSRATTRVPVKLKKAAPKKKKPKKAKKKKKAV
0.345,3.74,240,5328,KKKAKKKTKAKVKAKKKRKGKKKKSKKKPGPKKRKAKATSAAVKAAPATAAPVFSPPEASVDPVPETSPSRASVKAKPKKPALTKKVAKPSGPKKKTKKKKKAAAKAKA
0.346,3.85,240,36,KKPPKKKAKPGAKPAKAKSKKPKATKGSVAKKKTRKKVKAAAADPKFEEVGAPPAATLVTPKASKKRAKKKKKKVSVVSASATRTPSKAKKKKPKKPAPKKSKKKKAAA
0.361,3.78,240,25795709,KKKKKKAKSKPPKKTGKKKSAKKKPRKKKKKADPKASAAATSVGTKAAATAPVFEASEATVAPAPVPKSSRAGKKAATPKPSLKVPKAVVRAPKKKPKKKAKKKAKKKK
0.362,3.69,240,13203,VKAAAKKKAAAVKKKKKKPPGKRKKAAPKTAKKVPKPKSKAPATTLSVAKAPASPTPAATSFSPEEAVDTGAKPPASKKKKVKKSRKKKKKGAKKKKKAKPKSAKRKVK
0.362,3.69,290,13413,VKAAAKKKAAAVKKKKKKPPGKRKKAAPKTAKKVPKPKSKAPATTLSVAKAPASPTPAATSFSPEEAVDTGAKPPASKKKKVKKSRKKKKKGAKKKKKAKPKSAKRKVK
0.362,3.69,330,22614,VKAAAKKKAAAVKKKKKKPPGKRKKAAPKTAKKVPKPKSKAPATTLSVAKAPASPTPAATSFSPEEAVDTGAKPPASKKKKVKKSRKKKKKGAKKKKKAKPKSAKRKVK
0.362,3.69,340,26075,VKAAAKKKAAAVKKKKKKPPGKRKKAAPKTAKKVPKPKSKAPATTLSVAKAPASPTPAATSFSPEEAVDTGAKPPASKKKKVKKSRKKKKKGAKKKKKAKPKSAKRKVK
0.364,4.1,240,1080842,SKKKVKKKVKPAAAKKPKAKVKASKKKKKAATAGGKRKKASKAKKRKRKKAAKEPKATKVSSAPSKPVKPSAAVAAAPPAPEKTFPKKPKKDATKKKKKGPAPSTKTLV
0.373,3.91,240,28533,KKKKKKKKKKKKKKAAKRVALKTTAAKPKSVASEAFKRKSSAGAKPVTGAPRKKKPPKKTVVPAPPASATPKKKADAPSEPAKKSAKKAKKVKPAKKKTKAAPSAVKGK
0.373,3.92,240,1503,KKKKKKKKKKKKKKAAKRVALKTTAAKPKSVASEAFKRKSSAGAKPVTGAPRKKKPPKKTVVPAPPASATPKKKADAPSEPAKKSAKKAKKVKPAKKKTKAAPSAVKGK
0.373,3.92,290,87365,KKKKKKKKKKKKKKAAKRVALKTTAAKPKSVASEAFKRKSSAGAKPVTGAPRKKKPPKKTVVPAPPASATPKKKADAPSEPAKKSAKKAKKVKPAKKKTKAAPSAVKGK
0.373,3.92,340,60758,KKKKKKKKKKKKKKAAKRVALKTTAAKPKSVASEAFKRKSSAGAKPVTGAPRKKKPPKKTVVPAPPASATPKKKADAPSEPAKKSAKKAKKVKPAKKKTKAAPSAVKGK
0.375,3.85,240,28326,KKAKKKKAKKKKKKKKGSKSARKSKAAVPAEAVKPVAASPPPPDKEGPTASAAATASPAKKTAVATRLKKSPKKKKPSKKTPAKVKKKKKPKPRAKAVKVFGKAKTKAK
0.375,3.85,290,35509,KKAKKKKAKKKKKKKKGSKSARKSKAAVPAEAVKPVAASPPPPDKEGPTASAAATASPAKKTAVATRLKKSPKKKKPSKKTPAKVKKKKKPKPRAKAVKVFGKAKTKAK
0.375,3.85,330,43670,KKAKKKKAKKKKKKKKGSKSARKSKAAVPAEAVKPVAASPPPPDKEGPTASAAATASPAKKTAVATRLKKSPKKKKPSKKTPAKVKKKKKPKPRAKAVKVFGKAKTKAK
0.375,3.85,340,40669,KKAKKKKAKKKKKKKKGSKSARKSKAAVPAEAVKPVAASPPPPDKEGPTASAAATASPAKKTAVATRLKKSPKKKKPSKKTPAKVKKKKKPKPRAKAVKVFGKAKTKAK
0.376,3.81,240,7735,KKPVKAAKKKKKKKKKAKKKKKKRPSASAVEPEPSTVVPAAPDPTSAVLFKKAKTKKASAATPKKGATAGSKAKVAPPVPKGKAKPKSKRKAKAKKKTSARAAKKPKKK
0.376,3.81,290,39190,KKPVKAAKKKKKKKKKAKKKKKKRPSASAVEPEPSTVVPAAPDPTSAVLFKKAKTKKASAATPKKGATAGSKAKVAPPVPKGKAKPKSKRKAKAKKKTSARAAKKPKKK
0.376,3.81,340,46165,KKPVKAAKKKKKKKKKAKKKKKKRPSASAVEPEPSTVVPAAPDPTSAVLFKKAKTKKASAATPKKGATAGSKAKVAPPVPKGKAKPKSKRKAKAKKKTSARAAKKPKKK
0.394,3.77,340,55744,KKAKKKKAKKKKKKKKGKKSARASKPAVPAEAVKPVVASPPPADSEGVTPSKPATASPAKKTAKKTVAAKSAAKAKPSKKTKKKRKKKKKPKPRAKALKVFGKAKTPAK
0.394,3.77,240,611890,KKAKKKKAKKKKKKKKGKKSARASKPAVPAEAVKPVVASPPPADSEGVTPSKPATASPAKKTAKKTVAAKSAAKAKPSKKTKKKRKKKKKPKPRAKALKVFGKAKTPAK
0.394,3.77,290,82145,KKAKKKKAKKKKKKKKGKKSARASKPAVPAEAVKPVVASPPPADSEGVTPSKPATASPAKKTAKKTVAAKSAAKAKPSKKTKKKRKKKKKPKPRAKALKVFGKAKTPAK
0.394,3.77,330,57270,KKAKKKKAKKKKKKKKGKKSARASKPAVPAEAVKPVVASPPPADSEGVTPSKPATASPAKKTAKKTVAAKSAAKAKPSKKTKKKRKKKKKPKPRAKALKVFGKAKTPAK
0.401,4.03,240,35008,PKSAKVVKVVARPKKTKPKKKKKKKKKKKKKKRKSSPKSSDAAVAATPKAKKSKRKTKAKAPKAEAPVAAPAEKTGFKTPKAPAAKAKSKALKPKAKKGSTAKVAKGPP
0.405,3.75,240,35997,VAAKAKKAAAKVKKKKKKPPGKRKKAAKKRKKKVKKKPSKAPSTSLSAAPATVPPPPAATVFSPEEVTDTGAKPAKVKKKASKKSRAKKAKGKKKKKKATPKSKPKAKA
0.405,3.75,290,11399,VAAKAKKAAAKVKKKKKKPPGKRKKAAKKRKKKVKKKPSKAPSTSLSAAPATVPPPPAATVFSPEEVTDTGAKPAKVKKKASKKSRAKKAKGKKKKKKATPKSKPKAKA
0.405,3.75,330,19911,VAAKAKKAAAKVKKKKKKPPGKRKKAAKKRKKKVKKKPSKAPSTSLSAAPATVPPPPAATVFSPEEVTDTGAKPAKVKKKASKKSRAKKAKGKKKKKKATPKSKPKAKA
0.405,3.75,340,21765,VAAKAKKAAAKVKKKKKKPPGKRKKAAKKRKKKVKKKPSKAPSTSLSAAPATVPPPPAATVFSPEEVTDTGAKPAKVKKKASKKSRAKKAKGKKKKKKATPKSKPKAKA
0.42,3.85,240,136541,KKVKSKPKKKKAKKAKKKKKAAKKTKVKKDKAKAAPKKLRPPKAAPGTEAAAGKSAAPAFPPVPAPAAPTASESKKAVVVSSSTTPSKKKRKKRKAKKKKGKVKKATPK
0.42,3.85,290,36857,KKVKSKPKKKKAKKAKKKKKAAKKTKVKKDKAKAAPKKLRPPKAAPGTEAAAGKSAAPAFPPVPAPAAPTASESKKAVVVSSSTTPSKKKRKKRKAKKKKGKVKKATPK
0.42,3.85,340,39901,KKVKSKPKKKKAKKAKKKKKAAKKTKVKKDKAKAAPKKLRPPKAAPGTEAAAGKSAAPAFPPVPAPAAPTASESKKAVVVSSSTTPSKKKRKKRKAKKKKGKVKKATPK
0.421,3.65,240,142169,KKKKKAKLASKAAKKKTRKKKRAKKKKKKKKVKPVTAVPAAPSKAPTPPTEDEVTAAASGVTAPAPVVAPKKKAPKKPAKKKKFKKGSAKRKKPPAKKSKSSAKAGASK
0.421,3.65,290,44486,KKKKKAKLASKAAKKKTRKKKRAKKKKKKKKVKPVTAVPAAPSKAPTPPTEDEVTAAASGVTAPAPVVAPKKKAPKKPAKKKKFKKGSAKRKKPPAKKSKSSAKAGASK
0.421,3.65,340,45232,KKKKKAKLASKAAKKKTRKKKRAKKKKKKKKVKPVTAVPAAPSKAPTPPTEDEVTAAASGVTAPAPVVAPKKKAPKKPAKKKKFKKGSAKRKKPPAKKSKSSAKAGASK
0.423,3.7,240,2122,KAKKKKKKSKKRKKPKKSAAGKAKAPTKKRKKKLVKKKSKAPAGVAPAAPATVPSPAAAKVDFPEEVTATGPARPSVKTKKAKKKKSPSTAVKKKKPKSKKKPAAKAKA
0.423,3.7,290,39291,KAKKKKKKSKKRKKPKKSAAGKAKAPTKKRKKKLVKKKSKAPAGVAPAAPATVPSPAAAKVDFPEEVTATGPARPSVKTKKAKKKKSPSTAVKKKKPKSKKKPAAKAKA
0.423,3.7,340,39143,KAKKKKKKSKKRKKPKKSAAGKAKAPTKKRKKKLVKKKSKAPAGVAPAAPATVPSPAAAKVDFPEEVTATGPARPSVKTKKAKKKKSPSTAVKKKKPKSKKKPAAKAKA
0.428,3.7,240,46967,KKKAKKSAKKKKVKKKTKKKKKKKKKAKKAKKKVPTAVPDGAVAVVEPAAPALAEGFAATPGSTPKPSASKTPSAKKPTKASRPAKPKRSAKPAAKPKKKRKKKAKSVA
0.449,3.58,240,483,KKKKKKKKKKKKVAKRKRKKKAKKSKLKAKKKSAPSPAATKPPGVVPSPTEDEVTAGPAGPATASAVPVAAKAPKPAATKASKKKTFRKSAKKAAKKKSPVKKAKKPKA
0.449,3.58,290,293834,KKKKKKKKKKKKVAKRKRKKKAKKSKLKAKKKSAPSPAATKPPGVVPSPTEDEVTAGPAGPATASAVPVAAKAPKPAATKASKKKTFRKSAKKAAKKKSPVKKAKKPKA
0.449,3.58,340,84471,KKKKKKKKKKKKVAKRKRKKKAKKSKLKAKKKSAPSPAATKPPGVVPSPTEDEVTAGPAGPATASAVPVAAKAPKPAATKASKKKTFRKSAKKAAKKKSPVKKAKKPKA
0.453,3.8,240,101,KKRKKAKSKKAKKKKFAKKKAASGPTEEDASAAGSGAPSPVAAPPAKTPAAVSARKKKKKKKKPASTKAVKVAKTPPPRVSKKAKKTKVPAVPKKKKKKKKKKTPLKAA
0.453,3.8,290,21188,KKRKKAKSKKAKKKKFAKKKAASGPTEEDASAAGSGAPSPVAAPPAKTPAAVSARKKKKKKKKPASTKAVKVAKTPPPRVSKKAKKTKVPAVPKKKKKKKKKKTPLKAA
0.453,3.8,330,30996,KKRKKAKSKKAKKKKFAKKKAASGPTEEDASAAGSGAPSPVAAPPAKTPAAVSARKKKKKKKKPASTKAVKVAKTPPPRVSKKAKKTKVPAVPKKKKKKKKKKTPLKAA
0.453,3.8,340,31910,KKRKKAKSKKAKKKKFAKKKAASGPTEEDASAAGSGAPSPVAAPPAKTPAAVSARKKKKKKKKPASTKAVKVAKTPPPRVSKKAKKTKVPAVPKKKKKKKKKKTPLKAA
0.456,3.58,240,683606,KKAKKAKLSSVRKKKKKRKVPRKPKKKKKKAKAAVTAVTPAPSSPVPPATEDEPSAAASAGTPPGPVAAPKTKKPFKAAKAKKKKKGKAKKKAAKKKKTKSKKAVKASK
0.458,4.15,240,19679,PLTPTPAASAPKSAEPVVKADTAPASKKRKKKKRKKAKVKRGAKAAKKKKKKKKAAKKAAKVEAPVTPPVSKKGTKKAKKKAKPKKVKSAASAPKKKTKKKSPAGKFPS
0.463,3.63,240,59748,AATAPKKKKSKKKKKKKKKVKKKGAKAARSAASASKPTVTAAVKPTAVAPPDEEPVTVSPAAPASAPKPRLRGKKFKKKKGKKAKAAKASKPPKAKKKKKKVKKKKPST
0.471,3.7,240,46086,KKKAKKTAKPKKVKKPAKKKKKKKKKKKKAKKSVATAVPDEAVAVVEPAAPLAAGGFAATPGSSPKPSASKTPSAKKPTKAKRKKKKKRSAKPPAKPTKKRKKAAKSVA
0.471,3.7,290,57695,KKKAKKTAKPKKVKKPAKKKKKKKKKKKKAKKSVATAVPDEAVAVVEPAAPLAAGGFAATPGSSPKPSASKTPSAKKPTKAKRKKKKKRSAKPPAKPTKKRKKAAKSVA
0.471,3.7,340,55038,KKKAKKTAKPKKVKKPAKKKKKKKKKKKKAKKSVATAVPDEAVAVVEPAAPLAAGGFAATPGSSPKPSASKTPSAKKPTKAKRKKKKKRSAKPPAKPTKKRKKAAKSVA
0.484,3.59,240,3215,KKKKKASLASKKRKKKKKKVKAAKKKKKRKKVSPPTPVAVAPPKGATPPTEDEVTAAPSGATAPTAVSVPAKKPKKKAAKAARFPSPGAKKKAAAKKKSSKKKKKKAKK
0.484,3.59,290,67013,KKKKKASLASKKRKKKKKKVKAAKKKKKRKKVSPPTPVAVAPPKGATPPTEDEVTAAPSGATAPTAVSVPAKKPKKKAAKAARFPSPGAKKKAAAKKKSSKKKKKKAKK
0.484,3.59,330,51647,KKKKKASLASKKRKKKKKKVKAAKKKKKRKKVSPPTPVAVAPPKGATPPTEDEVTAAPSGATAPTAVSVPAKKPKKKAAKAARFPSPGAKKKAAAKKKSSKKKKKKAKK
0.484,3.59,340,51051,KKKKKASLASKKRKKKKKKVKAAKKKKKRKKVSPPTPVAVAPPKGATPPTEDEVTAAPSGATAPTAVSVPAKKPKKKAAKAARFPSPGAKKKAAAKKKSSKKKKKKAKK
0.491,3.67,240,2715,KKKKKKKKSKPPKKTKKKPAKAKKKPKKKKKPDPTPSSTAPTVPAAAAASAPVFEASEASVSKAVVPKSTKGGRAARTKKAALAPPAAVKRKKKKKKKKKAKKKAAKGV
0.491,3.67,290,84584,KKKKKKKKSKPPKKTKKKPAKAKKKPKKKKKPDPTPSSTAPTVPAAAAASAPVFEASEASVSKAVVPKSTKGGRAARTKKAALAPPAAVKRKKKKKKKKKAKKKAAKGV
0.491,3.67,330,56684,KKKKKKKKSKPPKKTKKKPAKAKKKPKKKKKPDPTPSSTAPTVPAAAAASAPVFEASEASVSKAVVPKSTKGGRAARTKKAALAPPAAVKRKKKKKKKKKAKKKAAKGV
0.491,3.67,340,60452,KKKKKKKKSKPPKKTKKKPAKAKKKPKKKKKPDPTPSSTAPTVPAAAAASAPVFEASEASVSKAVVPKSTKGGRAARTKKAALAPPAAVKRKKKKKKKKKAKKKAAKGV
0.499,3.98,240,28666,TKARGAPKKKKGKLSAKKKKKKVKKPAAAAKRKKKKKKKKKSKGAPSAAKEFSKKKRKKKKPKAKKAVPAASDPKKAPAASTAPTPSTPAVPVKTKVAKAPVAKVETSP
0.503,3.5,240,1594,KSKKGKKPKKKAKVKAKAKKKKKKKKKKKKRRSAKSTSAAAAVVASSATEPDEGAVAAPTPAFAPPPAAVPPTSAAKPTVKAKKGKTKKKPKKLPRKPKKKKAVSAKKK
0.503,3.5,290,102644,KSKKGKKPKKKAKVKAKAKKKKKKKKKKKKRRSAKSTSAAAAVVASSATEPDEGAVAAPTPAFAPPPAAVPPTSAAKPTVKAKKGKTKKKPKKLPRKPKKKKAVSAKKK
0.503,3.5,340,54635,KSKKGKKPKKKAKVKAKAKKKKKKKKKKKKRRSAKSTSAAAAVVASSATEPDEGAVAAPTPAFAPPPAAVPPTSAAKPTVKAKKGKTKKKPKKLPRKPKKKKAVSAKKK
0.54,3.73,240,86702,KKKKKKKKSKPPKKTKKKKPGKKKPRKKKKKKKAKASASATPVGAAAATTRPVFEAVEATVAAPPAAASSRAKDKAATPPAPLGVKVAVPSSPKKKSKKKKKKKAKAKK
0.54,3.73,290,84510,KKKKKKKKSKPPKKTKKKKPGKKKPRKKKKKKKAKASASATPVGAAAATTRPVFEAVEATVAAPPAAASSRAKDKAATPPAPLGVKVAVPSSPKKKSKKKKKKKAKAKK
0.54,3.73,340,66331,KKKKKKKKSKPPKKTKKKKPGKKKPRKKKKKKKAKASASATPVGAAAATTRPVFEAVEATVAAPPAAASSRAKDKAATPPAPLGVKVAVPSSPKKKSKKKKKKKAKAKK
0.543,3.47,240,1220702,KKKKKPKKKKKKKGKPKKKKKKKKAKKKKKKRAVPVTSGAVASVAVSAAEPDEATASTPTPAPAATPAAAFAASRPPKKPVTKSGKVKKKAKKLSRKPKKKAPASAKKA
0.544,3.62,240,43432,AAKVKAKAKKKKRKKRKKKKKKKKKTAKKKKKKVATAVPDEVVAVSEPAVPLPSGGFASTPGTSAAAPPAKSPAAKKATKAKRKKKKKPSAKAPKPPPKSKKKTAKKSA
0.544,3.62,290,88959,AAKVKAKAKKKKRKKRKKKKKKKKKTAKKKKKKVATAVPDEVVAVSEPAVPLPSGGFASTPGTSAAAPPAKSPAAKKATKAKRKKKKKPSAKAPKPPPKSKKKTAKKSA
0.544,3.62,330,86370,AAKVKAKAKKKKRKKRKKKKKKKKKTAKKKKKKVATAVPDEVVAVSEPAVPLPSGGFASTPGTSAAAPPAKSPAAKKATKAKRKKKKKPSAKAPKPPPKSKKKTAKKSA
0.544,3.62,340,78426,AAKVKAKAKKKKRKKRKKKKKKKKKTAKKKKKKVATAVPDEVVAVSEPAVPLPSGGFASTPGTSAAAPPAKSPAAKKATKAKRKKKKKPSAKAPKPPPKSKKKTAKKSA
0.553,4.13,240,84179,GKKTPPKKPKKKKKKASLAPAASPKPSKSPEVAKKRKPTAAKPRAAKAAKGKKKKKKKKKKKKKKVRKKKAKKKKSVTSPAAFVAAAVASPVSTAKKDVEKAAPTAPTG
0.572,3.46,240,1024755,LKKKKAKRKKKKKKAKKKKKKRKKAKKKGPKVAAPAAGSSPATPPASTFTEDEAVSTVSAAPPPATATVPVPAKKSAKKAPAKVAKPVKAASKKKKSARGKKKKKKKKP
0.579,3.44,240,2693094,KKKKKAKRKKKKKKAKKKKKKAKKAKKKGPKVAAPAAGSSPATPPASAFTEDEAVSTVSAAPPPATATVPVPAKKSAKGAPAKVRKPVLAASKKKKSTRKKKKKKKKKP
0.579,3.44,290,603904,KKKKKAKRKKKKKKAKKKKKKAKKAKKKGPKVAAPAAGSSPATPPASAFTEDEAVSTVSAAPPPATATVPVPAKKSAKGAPAKVRKPVLAASKKKKSTRKKKKKKKKKP
0.579,3.44,340,95079,KKKKKAKRKKKKKKAKKKKKKAKKAKKKGPKVAAPAAGSSPATPPASAFTEDEAVSTVSAAPPPATATVPVPAKKSAKGAPAKVRKPVLAASKKKKSTRKKKKKKKKKP
0.597,4.12,240,442856,TGRTVPPKPKKKKKKAKLATAGSTKESKSPPVAPKKKPATAKKRAAKAAKPKKKKKKKKKKKKKKKKKKRAKKKKSVAVATAAAASAPPFPPSSVKKDVEKAAAPASVG
0.619,3.42,240,246655,KKVKKKKKKKTKKKKRKRVKKKKKSKGKKKKKAAPAPASTAPPGPAPTPSEDEVAATPAGAVTLPAAPVSAAASFPAAPASAKAKKRPKKKKKVKKSKSVTKKAKKKKA
0.619,3.42,290,649914,KKVKKKKKKKTKKKKRKRVKKKKKSKGKKKKKAAPAPASTAPPGPAPTPSEDEVAATPAGAVTLPAAPVSAAASFPAAPASAKAKKRPKKKKKVKKSKSVTKKAKKKKA
0.619,3.42,340,105651,KKVKKKKKKKTKKKKRKRVKKKKKSKGKKKKKAAPAPASTAPPGPAPTPSEDEVAATPAGAVTLPAAPVSAAASFPAAPASAKAKKRPKKKKKVKKSKSVTKKAKKKKA
0.649,3.87,240,364524,VPPGPSKSKPAKKKKKKKKKKKKAKAKKKKAKKTGVTVGSAAAPAPKKVRKKKKRKKKKKPSEKKKKKKRKKKSFVAVAVPAAATPAAAPLKAATASATPEPDSPSATA
0.696,3.95,240,189858,AVAKTKKKERKKKKKKKKRKKKKKKKKKKKKKKKKKKKKKKSASTVTPTVSSAPPGPAKVAESAAKAPSGLSPAVKKPKDGPAASAAKTPRKPPAKAAVFAVPAAPATA
0.747,3.93,240,14938,KPPKKKRKKKSKKKKKKKKKKKKKKKKRKKKKKKKRKPKKTSGVASAKAATKAKEVKTASPAGVTPSFGPAPAVAAAPPVPPAASVAAATATASSKAVKEPDKAKAPKL
0.795,3.94,240,23397971,TAAKKKKKKKKKKRKKKKKKKKKKRKKKKKKRKKKKKKKPKGSKAVVPSSPEPSAKPASAAPPTVAPVAGAAAPAAKEVAPSTPSPKTVVKDLAKFPATAAAASAGKKT
0.843,3.82,240,827659,VVPAAAAGAPTVSAAASTKKKKKRKVKKKKRKKKKKKKVPTAASSPASAAKPSVAATPPATPKKKKKKKKKKKKKKKKKKRKKKKKSAKETGFSAPPAAGPALVAPPED
0.895,3.96,240,21039,SRSAETAPTSKKKKKKKKKKKKKKRKKKKKKKKKRKKKKKKKKKKKKKKVKAKTADAKAPAVKEKPTAAPPVPTPPGGAVASPATASVSVPVAAPAPALGPAAASAASF
0.935,3.98,240,862022,EDSAKKKKKKKRKKKKKKKKKKKKKAKKKKKKKKKKKKKRKKKKKKRKASTPTAASSSPTPSPGVAAVPPAAKEKSATVVAGTGAAAPFAAAPPPPAAATSAALVPVVP
0.981,3.85,240,5246849,ETAAKKKKKKKKKKKKKKKKKKKKKRKKKKKKKKKKKKKRKKKKRKKKAADGSPVAAAAPPPPPVSPAPVVAKESAAAVPAAALSPVSGASASVPTATSGFATPTAPAT
